{
    "-c": "Never use the GUI. Normally, 0install switches to graphical mode if it needs to download anything from the network (unless DISPLAY is not set).",
    "--dry-run": "Do not save any changes to disk, and do not actually run the program. Instead, just print out the changes that would have been made. Note that, as 0installis a very safe system, there is generally no need to use this option. However, it can be useful as a learning aid or for testing.",
    "-h": "Show the built-in help text.",
    "-o": "Run in off-line mode, overriding the default setting. This prevents 0install from checking for updates, and from downloading updates even if it knows aboutthem.",
    "-v": "More verbose output. Use twice for even more verbose output.",
    "--with-store=DIR": "Append a directory to the list of implementation caches. Each sub-directory of DIR contains the contents of one version of a program or library.",
    "--before=VERSION": "Select a version earlier than VERSION (i.e. force the use of an old version of the program). You can only restrict the version of the program itself usingthis option, not the version of any dependencies.",
    "--command=COMMAND": "Some programs provide multiple commands. This selects which one you want. Common values are 'run' (the default), 'test' (used by 0test) and 'compile' (usedby 0compile). You can also use --command= if you don't want to run any command (for example, if the package contains data rather than a program).",
    "--message=MESSAGE": "If we show a dialog box for the download, display MESSAGE to the user to explain why the download is needed.",
    "--not-before=VERSION": "The selected version must not be earlier than VERSION. e.g. if you want to run version 2.0 or later, use --not-before=2.0.",
    "--refresh": "Download a fresh copy of all used feeds before selecting. Normally, cached copies will be used if available (checking for updates later, in thebackground).",
    "--source": "Select source code rather than a binary. This is used internally by '0compile'.",
    "--version=RANGE": "Require a version of the main program within the given range. This can be a simple number (e.g. --version=2.3) or a range (e.g.--version=2.3..!2.7). For ranges, either end may be omitted. The ! indicates that the range excludes the final value. Alternatives can be separated by|, e.g. 2.6..!3 | 3.2.. (allows 2.6, 2.7, 3.2, etc, but not 2.5 or 3.0).",
    "--version-for=URI RANGE": "Specifies the range (as for --version) for any library or sub-component. If URI is the URI of the main program then this is equivalent tousing --version.",
    "--xml": "Print the set of chosen implementations as an XML document to stdout. This can be used later with the 'download' and 'run' sub-commands.",
    "--show": "Print the selected versions in a human-readable format to stdout.",
    "-m": "Select the secure hash function to be used. Supported values are sha1new (the default), sha256 and sha256new.",
    "-w": "Instead of executing the chosen program directly, run WRAPPER PROGRAM ARGS. This is useful for running debuggers and tracing tools on the program(rather than on 0install!). Note that the wrapper is executed in the environment selected by the program; hence, this mechanism cannot be used for sandboxing.See the DEBUGGING section below.",
    "-r": "Just display the root interface URI (e.g. the URI passed to 0install add when this application was created)."
}