{
    "--acquire[=": "Grab images for all the desktops by cycling thru (sleep for # millisecs at each screen for refresh)",
    "--mirror": "Mirror the current desktop image to all the other desktop faces. This is a clever alternative to acquire.",
    "--dir=": "The install dir if different than /usr/share/3ddesktop",
    "--wm=": "Specify the Windowmanager type so all the virtual desktops are found correctly. Available options are: kde2, kde3, gnome1, gnome2, ewmh, fluxbox,windowmaker, enlightenment, sawfishonly, workspaces",
    "--texturesize=": "Size of texture for the desktop images (larger for more detail) in powers of 2. Default is 1024, values from 16 to 2048 are accepted.",
    "--fastest": "Hog the CPU for smoothest operation",
    "-v": "Verbose/debug information",
    "--version": "Output version information and exit"
}