{
    "--view": "Uses the options from the view in 3ddesktop.conf",
    "--mode": "Sets the arrangement mode (one of carousel (default), cylinder, linear, viewmaster, priceisright, flip, or random).",
    "--acquire[=": "Grab images for all the desktops by cycling thru (sleep for x millisecs at each screen for refresh)",
    "--acquirecurrent": "Grab image for current desktop",
    "--nozoom": "Disable the zoom out",
    "--changespeed": "How fast the rotation or sliding of faces takes. Default is 40, must be between 1 and 300.",
    "--zoomspeed": "How fast it zooms in an out. Default is 45, must be between 1 and 300.",
    "--gotoright": "Goto the desktop to the right",
    "--gotoleft": "Goto the desktop to the left",
    "--gotoup": "Goto the desktop to the up",
    "--gotodown": "Goto the desktop to the down",
    "--goto=": "Goto specified column (deprecated, use --gotocolumn)",
    "--gotocolumn=": "Goto specified column",
    "--gotorow=": "Goto specified row",
    "--dontexit": "Don't exit after a goto",
    "--stop": "Stop 3ddesktop (kill 3ddeskd daemon)",
    "--reload": "Force a reload of 3ddesktop.conf",
    "--noautofun": "Disable Fun Mode",
    "--revmousewheel": "Reverse the mousewheel",
    "--swapmousebuttons": "Swap left and right buttons on the mouse",
    "--altmousebuttons": "Use alternate mousebuttons scheme: Button 1 activates, 2 goes back and exits, 3 goes back, 6 goes left, 7 goes right.",
    "--version": "Output version information andexit"
}