{
    "-ai[r[-|0]]{@listfile|!wildcard}": "Include archives",
    "-ax[r[-|0]]{@listfile|!wildcard}": "eXclude archives",
    "-bd": "Disable percentage indicator",
    "-i[r[-|0]]{@listfile|!wildcard}": "Include filenames",
    "-l": "don't store symlinks; store the files/directories they point to (CAUTION : the scanning stage can never end because of recursive symlinks like 'ln -s ..ldir')",
    "-m{Parameters}": "7z format only : enables or disables archive header encryption (Default : off)",
    "-o{Directory}": "Set Output directory",
    "-p{Password}": "Set Password",
    "-r[-|0]": "Recurse subdirectories (CAUTION: this flag does not do what you think, avoid using it)",
    "-sfx[{name}]": "Create SFX archive",
    "-si": "Read data from StdIn (eg: tar cf - directory | 7z a -si directory.tar.7z)",
    "-so": "Write data to StdOut (eg: % echo foo | 7z a dummy -tgzip -si -so > /dev/null)",
    "-slt": "Sets technical mode for l (list) command",
    "-t{Type}": "Type of archive (7z, zip, gzip, bzip2 or tar. 7z format is default)",
    "-v{Size}[b|k|m|g]": "Create volumes",
    "-u[-][p#][q#][r#][x#][y#][z#][!newArchiveName]": "Update options",
    "-w[path]": "Set Working directory",
    "-x[r[-|0]]]{@listfile|!wildcard}": "Exclude filenames",
    "-y": "Assume Yes on all queries",
    "-t7z": "7z archive",
    "-m0=lzma": "lzma method",
    "-mx=9": "level of compression = 9 (Ultra)",
    "-mfb=64": "number of fast bytes for LZMA = 64",
    "-md=32m": "dictionary size = 32 megabytes",
    "-ms=on": "solid archive = on"
}