{
    "-D<number>": "sets debugging flags.",
    "-F<character>": "tells a2p that this awk script is always invoked with this -F switch.",
    "-n<fieldlist>": "specifies the names of the input fields if input does not have to be split into an array. If you were translating an awk script that processes the passwordfile, you might say:a2p -7 -nlogin.password.uid.gid.gcos.shell.homeAny delimiter can be used to separate the field names.",
    "-<number>": "causes a2p to assume that input will always have that many fields.",
    "-o": "\u2022 Old awk always has a line loop, even if there are no line actions, whereas new awk does not.\u2022 In old awk, sprintf is extremely greedy about its arguments. For example, given the statementprint sprintf(some_args), extra_args;old awk considers extra_args to be arguments to sprintf; new awk considers them arguments to print."
}