{
    "--version": "display version",
    "--help": "report guessed types of FILES",
    "--which": "report the full path of library files named FILES",
    "--glob": "display default settings and parameters",
    "--list": "detailed list on TOPIC (delegations, encodings, features, variables, media, ppd, printers, prologues, style-sheets, user-options)",
    "-q": "be really quiet",
    "-v": "set verbosity on, or to LEVEL",
    "-=": "use the user defined shortcut OPTION",
    "--debug": "enable debugging features",
    "-D": "unset variable KEY or set to VALUE",
    "-M": "use output medium NAME",
    "-r": "print in landscape mode",
    "-R": "print in portrait mode",
    "--columns": "number of columns per sheet",
    "--rows": "number of rows per sheet",
    "--major": "first fill (DIRECTION=) rows, or columns",
    "-1": "predefined font sizes and layouts for 1.. 9 virtuals",
    "-A": "align separate files according to MODE (fill, rank page, sheet, or a number)",
    "-j": "print borders around columns",
    "--margin": "define an interior margin of size NUM",
    "--line-numbers": "precede each NUM lines with its line number",
    "-C": "use font SIZE (float) for the body text",
    "-L": "scale the font to print NUM lines per virtual",
    "-l": "scale the font to print NUM columns per virtual",
    "-m": "process FILE as a man page (same as -L66)",
    "-T": "set tabulator size to NUM",
    "-B": "no page headers at all",
    "-b": "set page header",
    "-u": "print TEXT under every page",
    "--center-title": "set page title to TITLE",
    "--left-title": "set left and right page title to TEXT",
    "--right-title": "set sheet footers to TEXT",
    "-a": "select the pages to print",
    "-c": "cut long lines",
    "-i": "interpret tab, bs and ff chars",
    "--end-of-line": "specify the eol char (TYPE: r, n, nr, rn, any)",
    "-X": "use input encoding NAME",
    "-t": "set the name of the job",
    "--stdin": "set the name of the input file stdin",
    "--print-anyway": "force binary printing",
    "-Z": "delegate files to another application",
    "--toc": "generate a table of content",
    "-E": "enable pretty-printing (set style to LANG)",
    "--highlight-level": "set pretty printing highlight LEVEL LEVEL can be none, normal or heavy",
    "-g": "level of comments stripping",
    "-o": "leave output to file FILE. If FILE is '-', leave output to stdout.",
    "--version-control": "override the usual version control",
    "--suffix": "override the usual backup suffix",
    "-P": "send output to printer NAME",
    "--prologue": "include FILE.pro as PostScript prologue",
    "--ppd": "automatic PPD selection or set to KEY",
    "-n": "print NUM copies of each page",
    "-s": "set the duplex MODE ('1' or 'simplex', '2' or 'duplex', 'tumble')",
    "-S": "pass a page device definition to output",
    "--statusdict": "pass a statusdict definition to the output",
    "-k": "enable page prefeed",
    "-K": "disable page prefeed"
}