{
    "--asciidoc-opts": "Additional asciidoc(1) options. This option may be specified more than once.",
    "--copy": "Copy distributed docbook-xsl CSS stylesheet admonition and navigation icons to their respective destinations. Applies to xhtml, chunked,htmlhelp formats. The default behavior is to suppress copying.",
    "-D, --destination-dir": "Output directory. Defaults to source FILE directory.",
    "-d, --doctype": "DocBook document type: article, manpage or book. Default document type is article unless the format is manpage (in whichcase it defaults to manpage).",
    "-f, --format": "Output format: chunked, dvi, htmlhelp, manpage, pdf, ps, tex, text or xhtml.",
    "-h, --help": "Print command-line syntax and program options to stdout.",
    "--icons": "Use admonition or navigation icon images in output documents. The default behavior is to use text in place of icons.",
    "--icons-dir": "A path (relative to destination HTML files) containing admonition and navigation icons. Defaults to ./images/icons/. Applies to xhtml,chunked, htmlhelp formats.",
    "-L, --no-xmllint": "Don't check asciidoc output with xmllint(1).",
    "-n, --dry-run": "Don't do anything just print what would have been done.",
    "-s, --skip-asciidoc": "Skip asciidoc execution. This is useful for converting DocBook XML files not derived from AsciiDoc sources. Ignored if --format=text.",
    "--stylesheet": "A path (relative to destination HTML files) specifying the docbook-xsl CSS stylesheet file. Defaults to ./docbook-xsl.css. Applies to xhtml,chunked, htmlhelp formats.",
    "-v, --verbose": "Print operational details to stderr. A second -v option applies the verbose option to toolchain commands.",
    "--unsafe": "Use the asciidoc(1) --unsafe option.",
    "--version": "Print program version to stdout.",
    "--xsltproc-opts": "Additional xsltproc(1) options. This option may be specified more than once.",
    "--fop": "Use FOP to generate PDFs.",
    "--fop-opts": "Additional fop options. This option may be specified more than once. If this option is specified FOP is used to generate PDFs.",
    "--dblatex-opts": "Additional dblatex options. This option may be specified more than once."
}