{
    "-A": "Precede each symbol by the name of the input file (or archive member) in which it was found, rather than identifying the input file once only, before all ofits symbols.",
    "-a": "Display all symbols, even debugger-only symbols; normally these are not listed.",
    "-B": "Decode (demangle) low-level symbol names into user-level names. Besides removing any initial underscore prepended by the system, this makes C++ function names readable. Different compilers have different mangling styles. The optional demangling style argument can be used to choose anappropriate demangling style for your compiler.",
    "--no-demangle": "Do not demangle low-level symbol names. This is the default.",
    "-D": "Display the dynamic symbols rather than the normal symbols. This is only meaningful for dynamic objects, such as certain types of shared libraries.",
    "-f": "Use the output format format, which can be bsd, sysv, or posix. The default is bsd. Only the firstcharacter of format is significant; it can be either upper or lower case.",
    "-g": "Display only external symbols.",
    "-h": "Show a summary of the options to nm and exit.",
    "-l": "For each symbol, use debugging information to try to find a filename and line number. For a defined symbol, look for the line number of the address of thesymbol. For an undefined symbol, look for the line number of a relocation entry which refers to the symbol. If line number information can be found, print itafter the other symbol information.",
    "-n": "Sort symbols numerically by their addresses, rather than alphabetically by their names.",
    "-p": "Do not bother to sort the symbols in any order; print them in the order encountered.",
    "-P": "Use the POSIX .2 standard output format instead of the default format. Equivalent to -f posix.",
    "-r": "Reverse the order of the sort (whether numeric or alphabetic); let the last come first.",
    "-S": "Print both value and size of defined symbols for the bsd output style. This option has no effect for object formats that do not record symbolsizes, unless --size-sort is also used in which case a calculated size is displayed.",
    "-s": "When listing symbols from archive members, include the index: a mapping (stored in the archive by ar or ranlib) of which modules containdefinitions for which names.",
    "-t": "Use radix as the radix for printing the symbol values. It must be d for decimal, o for octal, or x for hexadecimal.",
    "-u": "Display only undefined symbols (those external to each object file).",
    "-V": "Show the version number of nm and exit.",
    "-X": "Display only defined symbols for each object file.",
    "--plugin": "Load the plugin called name to add support for extra target types. This option is only available if the toolchain has been built with plugin supportenabled.",
    "--size-sort": "Sort symbols by size. The size is computed as the difference between the value of the symbol and the value of the symbol with the next higher value. If thebsd output format is used the size of the symbol is printed, rather than the value, and -S must be used in order both size and value to beprinted.",
    "--special-syms": "Display symbols which have a target-specific special meaning. These symbols are usually used by the target for some special processing and are not normallyhelpful when included included in the normal symbol lists. For example for ARM targets this option would skip the mapping symbols used to marktransitions between ARM code, THUMB code and data.",
    "--synthetic": "Include synthetic symbols in the output. These are special symbols created by the linker for various purposes. They are not shown by default since they arenot part of the binary's original source code.",
    "--target=": "Specify an object code format other than your system's default format."
}