{
    "--input-mach=": "Set the matching input ELF machine type to machine. If --input-mach isn't specified, it will match any ELFmachine types.The supported ELF machine types are, L1OM, K1OM and x86-64.",
    "--output-mach=": "Change the ELF machine type in the ELF header to machine. The supported ELF machine types are the sameas --input-mach.",
    "--input-type=": "Set the matching input ELF file type to type. If --input-type isn't specified, it will match any ELF file types.The supported ELF file types are, rel, exec and dyn.",
    "--output-type=": "Change the ELF file type in the ELF header to type. The supported ELF types are the same as--input-type.",
    "--input-osabi=": "Set the matching input ELF file OSABI to osabi. If --input-osabi isn't specified, it will match anyELF OSABIs.The supported ELF OSABIs are, none, HPUX , NetBSD, GNU , Linux (alias forGNU ), Solaris, AIX , Irix, FreeBSD, TRU64 , Modesto,OpenBSD, OpenVMS, NSK , AROS and FenixOS.",
    "--output-osabi=": "Change the ELF OSABI in the ELF header to osabi. The supported ELF OSABI are the same as--input-osabi.",
    "-v": "Display the version number of elfedit.",
    "-h": "Display the command line options understood by elfedit."
}