{
    "-A": "Using one of these options, you can choose whether the output from GNU size resembles output from System V size (using-A, or --format=sysv), or Berkeley size (using -B, or --format=berkeley). The default is the one-line format similar toBerkeley's.Here is an example of the Berkeley (default) format of output from size:$ size --format=Berkeley ranlib sizetext    data    bss     dec     hex     filename294880  81920   11592   388392  5ed28   ranlib294880  81920   11888   388688  5ee50   sizeThis is the same data, but displayed closer to System V conventions:$ size --format=SysV ranlib sizeranlib  :section         size         addr.text         294880         8192.data          81920       303104.bss           11592       385024Total         388392size  :section         size         addr.text         294880         8192.data          81920       303104.bss           11888       385024Total         388688",
    "--help": "Show a summary of acceptable arguments and options.",
    "-d": "Using one of these options, you can control whether the size of each section is given in decimal (-d, or --radix=10); octal (-o, or--radix=8); or hexadecimal (-x, or --radix=16). In --radix=number, only the three values (8, 10, 16) are supported. Thetotal size is always given in two radices; decimal and hexadecimal for -d or -x output, or octal and hexadecimal if you're using-o.",
    "--common": "Print total size of common symbols in each file. When using Berkeley format these are included in the bss size.",
    "-t": "Show totals of all objects listed (Berkeley format listing mode only).",
    "--target=": "Specify that the object-code format for objfile is bfdname. This option may not be necessary; size can automatically recognize manyformats.",
    "-V": "Display the version number of size."
}