{
    "-_": "On some systems, both the C and C ++ compilers put an underscore in front of every name. For example, the C name foo gets thelow-level name _foo. This option removes the initial underscore. Whether c++filt removes the underscore by default is targetdependent.",
    "-n": "Do not remove the initial underscore.",
    "-p": "When demangling the name of a function, do not display the types of the function's parameters.",
    "-t": "Attempt to demangle types as well as function names. This is disabled by default since mangled types are normally only used internally in the compiler, andthey can be confused with non-mangled names. For example, a function called a treated as a mangled type name would be demangled to signed char.",
    "-i": "Do not include implementation details (if any) in the demangled output.",
    "-s": "c++filt can decode various methods of mangling, used by different compilers. The argument to this option selects which method it uses:autoAutomatic selection based on executable (the default method)gnuthe one used by the GNU C ++ compiler (g++)lucidthe one used by the Lucid compiler (lcc)armthe one specified by the C ++ Annotated Reference Manualhpthe one used by the HP compiler (aCC)edgthe one used by the EDG compilergnu-v3the one used by the GNU C ++ compiler (g++) with the V3 ABI .javathe one used by the GNU Java compiler (gcj)gnatthe one used by the GNU Ada compiler ( GNAT ).",
    "--help": "Print a summary of the options to c++filt and exit.",
    "--version": "Print the version number of c++filt and exit."
}