{
    "-d": "Specifies the name of a .def file to be read in and processed.",
    "-b": "Specifies the name of a base file to be read in and processed. The contents of this file will be added to the relocation section in the exports filegenerated by dlltool.",
    "-e": "Specifies the name of the export file to be created by dlltool.",
    "-z": "Specifies the name of the .def file to be created by dlltool.",
    "-l": "Specifies the name of the library file to be created by dlltool.",
    "-y": "Specifies the name of the delay-import library file to be created by dlltool.",
    "--export-all-symbols": "Treat all global and weak defined symbols found in the input object files as symbols to be exported. There is a small list of symbols which are not exportedby default; see the --no-default-excludes option. You may add to the list of symbols to not export by using the --exclude-symbols option.",
    "--no-export-all-symbols": "Only export symbols explicitly listed in an input .def file or in .drectve sections in the input object files. This is the default behaviour.The .drectve sections are created by dllexport attributes in the source code.",
    "--exclude-symbols": "Do not export the symbols in list. This is a list of symbol names separated by comma or colon characters. The symbol names should not contain aleading underscore. This is only meaningful when --export-all-symbols is used.",
    "--no-default-excludes": "When --export-all-symbols is used, it will by default avoid exporting certain special symbols. The current list of symbols to avoid exporting isDllMain@12, DllEntryPoint@0, impure_ptr. You may use the --no-default-excludes option to go ahead and export these special symbols.This is only meaningful when --export-all-symbols is used.",
    "-S": "Specifies the path, including the filename, of the assembler to be used to create the exports file.",
    "-f": "Specifies any specific command line options to be passed to the assembler when building the exports file. This option will work even if the -S optionis not used. This option only takes one argument, and if it occurs more than once on the command line, then later occurrences will override earlieroccurrences. So if it is necessary to pass multiple options to the assembler they should be enclosed in double quotes.",
    "-D": "Specifies the name to be stored in the .def file as the name of the DLL when the -e option is used. If this option is notpresent, then the filename given to the -e option will be used as the name of the DLL .",
    "-m": "Specifies the type of machine for which the library file should be built. dlltool has a built in default type, depending upon how it was created, butthis option can be used to override that. This is normally only useful when creating DLLs for an ARM processor, when the contents of theDLL are actually encode using Thumb instructions.",
    "-a": "Specifies that when dlltool is creating the exports file it should add a section which allows the exported functions to be referenced without usingthe import library. Whatever the hell that means!",
    "-U": "Specifies that when dlltool is creating the exports file it should prepend an underscore to the names of all exported symbols.",
    "--no-leading-underscore": "Specifies whether standard symbol should be forced to be prefixed, or not.",
    "--add-stdcall-underscore": "Specifies that when dlltool is creating the exports file it should prepend an underscore to the names of exported stdcall functions. Variablenames and non-stdcall function names are not modified. This option is useful when creating GNU-compatible import libs for third party DLLs that were built withMS-Windows tools.",
    "-k": "Specifies that when dlltool is creating the exports file it should not append the string @ <number>. These numbers are called ordinalnumbers and they represent another way of accessing the function in a DLL , other than by name.",
    "-A": "Specifies that when dlltool is creating the exports file it should add aliases for stdcall symbols without @ <number> in addition to thesymbols with @ <number>.",
    "-p": "Causes dlltool to create external aliases for all DLL imports with the specified prefix. The aliases are created for both external andimport symbols with no leading underscore.",
    "-x": "Specifies that when dlltool is creating the exports and library files it should omit the .idata4 section. This is for compatibility withcertain operating systems.",
    "--use-nul-prefixed-import-tables": "Specifies that when dlltool is creating the exports and library files it should prefix the .idata4 and .idata5 by zero anelement. This emulates old gnu import library generation of dlltool. By default this option is turned off.",
    "-c": "Specifies that when dlltool is creating the exports and library files it should omit the .idata5 section. This is for compatibility withcertain operating systems.",
    "-I": "Specifies that dlltool should inspect the import library indicated by filename and report, on stdout, the name(s) of the associatedDLL (s). This can be performed in addition to any other operations indicated by the other options and arguments. dlltool fails if theimport library does not exist or is not actually an import library. See also --identify-strict.",
    "--identify-strict": "Modifies the behavior of the --identify option, such that an error is reported if filename is associated with more than one DLL.",
    "-i": "Specifies that dlltool should mark the objects in the library file and exports file that it produces as supporting interworking betweenARM and Thumb code.",
    "-n": "Makes dlltool preserve the temporary assembler files it used to create the exports file. If this option is repeated then dlltool will also preservethe temporary object files it uses to create the library file.",
    "-t": "Makes dlltool use prefix when constructing the names of temporary assembler and object files. By default, the temp file prefix is generatedfrom the pid.",
    "-v": "Make dlltool describe what it is doing.",
    "-h": "Displays a list of command line options and then exits.",
    "-V": "Displays dlltool's version number and then exits."
}