{
    "-D": "The contents of definition are tokenized and processed as if they appeared during translation phase three in a #define directive. Inparticular, the definition will be truncated by embedded newline characters.If you are invoking the preprocessor from a shell or shell-like program you may need to use the shell's quoting syntax to protect characters such as spacesthat have a meaning in the shell syntax.If you wish to define a function-like macro on the command line, write its argument list with surrounding parentheses before the equals sign (if any).Parentheses are meaningful to most shells, so you will need to quote the option. With sh and csh,-D'name(args...)=definition' works.-D and -U options are processed in the order they are given on the command line. All -imacros file and -includefile options are processed after all -D and -U options.",
    "-U": "Cancel any previous definition of name, either built in or provided with a -D option.",
    "-undef": "Do not predefine any system-specific or GCC-specific macros. The standard predefined macros remain defined.",
    "-I": "Add the directory dir to the list of directories to be searched for header files.Directories named by -I are searched before the standard system include directories. If the directory dir is a standard system includedirectory, the option is ignored to ensure that the default search order for system directories and the special treatment of system headers are not defeated .If dir begins with =, then the = will be replaced by the sysroot prefix; see --sysroot and -isysroot.",
    "-o": "Write output to file. This is the same as specifying file as the second non-option argument to cpp. gcc has a differentinterpretation of a second non-option argument, so you must use -o to specify the output file.",
    "-Wall": "Turns on all optional warnings which are desirable for normal code. At present this is -Wcomment, -Wtrigraphs, -Wmultichar and awarning about integer promotion causing a change of sign in #if expressions. Note that many of the preprocessor's warnings are on by default andhave no options to control them.",
    "-Wcomment": "Warn whenever a comment-start sequence /* appears in a /* comment, or whenever a backslash-newline appears in a // comment. (Both formshave the same effect.)",
    "-Wtrigraphs": "Most trigraphs in comments cannot affect the meaning of the program. However, a trigraph that would form an escaped newline (??/ at the end of aline) can, by changing where the comment begins or ends. Therefore, only trigraphs that would form escaped newlines produce warnings inside a comment.This option is implied by -Wall. If -Wall is not given, this option is still enabled unless trigraphs are enabled. To get trigraph conversionwithout warnings, but get the other -Wall warnings, use -trigraphs -Wall -Wno-trigraphs.",
    "-Wtraditional": "Warn about certain constructs that behave differently in traditional and ISO C. Also warn about ISO C constructs that have notraditional C equivalent, and problematic constructs which should be avoided.",
    "-Wundef": "Warn whenever an identifier which is not a macro is encountered in an #if directive, outside of defined. Such identifiers are replaced withzero.",
    "-Wunused-macros": "Warn about macros defined in the main file that are unused. A macro is used if it is expanded or tested for existence at least once. The preprocessorwill also warn if the macro has not been used at the time it is redefined or undefined.Built-in macros, macros defined on the command line, and macros defined in include files are not warned about.Note: If a macro is actually used, but only used in skipped conditional blocks, then CPP will report it as unused. To avoid thewarning in such a case, you might improve the scope of the macro's definition by, for example, moving it into the first skipped block. Alternatively, you couldprovide a dummy use with something like:#if defined the_macro_causing_the_warning#endif",
    "-Wendif-labels": "Warn whenever an #else or an #endif are followed by text. This usually happens in code of the form#if FOO...#else FOO...#endif FOOThe second and third FOO should be in comments, but often are not in older programs. This warning is on by default.",
    "-Werror": "Make all warnings into hard errors. Source code which triggers warnings will be rejected.",
    "-Wsystem-headers": "Issue warnings for code in system headers. These are normally unhelpful in finding bugs in your own code, therefore suppressed. If you are responsible forthe system library, you may want to see them.",
    "-w": "Issue all the mandatory diagnostics listed in the C standard. Some of them are left out by default, since they trigger frequently on harmless code.",
    "-pedantic-errors": "Issue all the mandatory diagnostics, and make all mandatory diagnostics into errors. This includes mandatory diagnostics that GCC issueswithout -pedantic but treats as warnings.",
    "-M": "When used with -M or -MM, specifies a file to write the dependencies to. If no -MF switch is given the preprocessor sends the rules tothe same place it would have sent preprocessed output.When used with the driver options -MD or -MMD, -MF overrides the default dependency output file.",
    "-MG": "test.o: test.c test.htest.h:",
    "-MT": "Change the target of the rule emitted by dependency generation. By default CPP takes the name of the main input file, deletes any directorycomponents and any file suffix such as .c, and appends the platform's usual object suffix. The result is the target.An -MT option will set the target to be exactly the string you specify. If you want multiple targets, you can specify them as a single argument to-MT, or use multiple -MT options.For example, -MT '$(objpfx)foo.o' might give$(objpfx)foo.o: foo.c",
    "-MQ": "Same as -MT, but it quotes any characters which are special to Make. -MQ '$(objpfx)foo.o' gives$$(objpfx)foo.o: foo.cThe default target is automatically quoted, as if it were given with -MQ.",
    "-MD": "Like -MD except mention only user header files, not system header files.",
    "-x c": "Specify the source language: C, C ++ , Objective-C, or assembly. This has nothing to do with standards conformance or extensions; it merelyselects which base syntax to expect. If you give none of these options, cpp will deduce the language from the extension of the source file: .c,.cc, .m, or .S. Some other common extensions for C ++ and assembly are also recognized. If cpp does not recognize theextension, it will treat the file as C; this is the most generic mode.Note: Previous versions of cpp accepted a -lang option which selected both the language and the standards conformance level. This option hasbeen removed, because it conflicts with the -l option.",
    "-std=": "Specify the standard to which the code should conform. Currently CPP knows about C and C ++ standards; others may be added inthe future.standard may be one of:c90c89iso9899:1990The ISO C standard from 1990. c90 is the customary shorthand for this version of the standard.The -ansi option is equivalent to -std=c90.iso9899:199409The 1990 C standard, as amended in 1994.iso9899:1999c99iso9899:199xc9xThe revised ISO C standard, published in December 1999. Before publication, this was known as C9X.iso9899:2011c11c1xThe revised ISO C standard, published in December 2011. Before publication, this was known as C1X.gnu90gnu89The 1990 C standard plus GNU extensions. This is the default.gnu99gnu9xThe 1999 C standard plus GNU extensions.gnu11gnu1xThe 2011 C standard plus GNU extensions.c++98The 1998 ISO C ++ standard plus amendments.gnu++98The same as -std=c++98 plus GNU extensions. This is the default for C ++ code.",
    "-I-": "Do not search the standard system directories for header files. Only the directories you have specified with -I options (and the directory of thecurrent file, if appropriate) are searched.",
    "-nostdinc++": "Do not search for header files in the C ++ -specific standard directories, but do still search the other standard directories. (This optionis used when building the C ++ library.)",
    "-include": "Process file as if #include file appeared as the first line of the primary source file. However, the first directory searched forfile is the preprocessor's working directory instead of the directory containing the main source file. If not found there, it is searched for inthe remainder of the #include ... search chain as normal.If multiple -include options are given, the files are included in the order they appear on the command line.",
    "-imacros": "Exactly like -include, except that any output produced by scanning file is thrown away. Macros it defines remain defined. This allows you toacquire all the macros from a header without also processing its declarations.All files specified by -imacros are processed before all files specified by -include.",
    "-idirafter": "Search dir for header files, but do it after all directories specified with -I and the standard system directories have been exhausted.dir is treated as a system include directory. If dir begins with =, then the = will be replaced by the sysroot prefix; see--sysroot and -isysroot.",
    "-iprefix": "Specify prefix as the prefix for subsequent -iwithprefix options. If the prefix represents a directory, you should include the final/.",
    "-iwithprefix": "Append dir to the prefix specified previously with -iprefix, and add the resulting directory to the include search path.-iwithprefixbefore puts it in the same place -I would; -iwithprefix puts it where -idirafter would.",
    "-isysroot": "This option is like the --sysroot option, but applies only to header files (except for Darwin targets, where it applies to both header files andlibraries). See the --sysroot option for more information.",
    "-imultilib": "Use dir as a subdirectory of the directory containing target-specific C ++ headers.",
    "-isystem": "Search dir for header files, after all directories specified by -I but before the standard system directories. Mark it as a system directory,so that it gets the same special treatment as is applied to the standard system directories.If dir begins with =, then the = will be replaced by the sysroot prefix; see --sysroot and -isysroot.",
    "-iquote": "Search dir only for header files requested with #include  file ; they are not searched for #include< file >, before all directories specified by -I and before the standard system directories.If dir begins with =, then the = will be replaced by the sysroot prefix; see --sysroot and -isysroot.",
    "-fdirectives-only": "When preprocessing, handle directives, but do not expand macros.The option's behavior depends on the -E and -fpreprocessed options.With -E, preprocessing is limited to the handling of directives such as #define, #ifdef, and #error. Otherpreprocessor operations, such as macro expansion and trigraph conversion are not performed. In addition, the -dD option is implicitly enabled.With -fpreprocessed, predefinition of command line and most builtin macros is disabled. Macros such as __LINE__, which are contextuallydependent, are handled normally. This enables compilation of files previously preprocessed with -E -fdirectives-only.With both -E and -fpreprocessed, the rules for -fpreprocessed take precedence. This enables full preprocessing of files previouslypreprocessed with -E -fdirectives-only.",
    "-fdollars-in-identifiers": "Accept $ in identifiers.",
    "-fextended-identifiers": "Accept universal character names in identifiers. This option is experimental; in a future version of GCC , it will be enabled by default forC99 and C ++ .",
    "-fpreprocessed": "Indicate to the preprocessor that the input file has already been preprocessed. This suppresses things like macro expansion, trigraph conversion, escapednewline splicing, and processing of most directives. The preprocessor still recognizes and removes comments, so that you can pass a file preprocessed with-C to the compiler without problems. In this mode the integrated preprocessor is little more than a tokenizer for the front ends.-fpreprocessed is implicit if the input file has one of the extensions .i, .ii or .mi. These are the extensions thatGCC uses for preprocessed files created by -save-temps.",
    "-ftabstop=": "Set the distance between tab stops. This helps the preprocessor report correct column numbers in warnings or errors, even if tabs appear on the line. If thevalue is less than 1 or greater than 100, the option is ignored. The default is 8.",
    "-fdebug-cpp": "This option is only useful for debugging GCC . When used with -E, dumps debugging information about location maps. Every token in theoutput is preceded by the dump of the map its location belongs to. The dump of the map holding the location of a token would be:{P:F</file/path>;F:F</includer/path>;L:<line_num>;C:<col_num>;S:<system_header_p>;M:<map_address>;E:<macro_expansion_p>,loc:<location>}When used without -E, this option has no effect.",
    "-ftrack-macro-expansion": "Track locations of tokens across macro expansions. This allows the compiler to emit diagnostic about the current macro expansion stack when a compilationerror occurs in a macro expansion. Using this option makes the preprocessor and the compiler consume more memory. The level parameter can be used tochoose the level of precision of token location tracking thus decreasing the memory consumption if necessary. Value 0 of level de-activates thisoption just as if no -ftrack-macro-expansion was present on the command line. Value 1 tracks tokens locations in a degraded mode for the sake ofminimal memory overhead. In this mode all tokens resulting from the expansion of an argument of a function-like macro have the same location. Value 2tracks tokens locations completely. This value is the most memory hungry. When this option is given no argument, the default parameter value is2.",
    "-fexec-charset=": "Set the execution character set, used for string and character constants. The default is UTF-8 . charset can be any encoding supportedby the system's iconv library routine.",
    "-fwide-exec-charset=": "Set the wide execution character set, used for wide string and character constants. The default is UTF-32 or UTF-16 ,whichever corresponds to the width of wchar_t. As with -fexec-charset, charset can be any encoding supported by the system'siconv library routine; however, you will have problems with encodings that do not fit exactly in wchar_t.",
    "-finput-charset=": "Set the input character set, used for translation from the character set of the input file to the source character set used by GCC . If thelocale does not specify, or GCC cannot get this information from the locale, the default is UTF-8 . This can be overridden byeither the locale or this command line option. Currently the command line option takes precedence if there's a conflict. charset can be any encodingsupported by the system's iconv library routine.",
    "-fworking-directory": "Enable generation of linemarkers in the preprocessor output that will let the compiler know the current working directory at the time of preprocessing. Whenthis option is enabled, the preprocessor will emit, after the initial linemarker, a second linemarker with the current working directory followed by twoslashes. GCC will use this directory, when it's present in the preprocessed input, as the directory emitted as the current working directory insome debugging information formats. This option is implicitly enabled if debugging information is enabled, but this can be inhibited with the negated form-fno-working-directory. If the -P flag is present in the command line, this option has no effect, since no #line directives areemitted whatsoever.",
    "-fno-show-column": "Do not print column numbers in diagnostics. This may be necessary if diagnostics are being scanned by a program that does not understand the column numbers,such as dejagnu.",
    "-A": "Make an assertion with the predicate predicate and answer answer. This form is preferred to the older form -Apredicate(answer), which is still supported, because it does not use shell special characters.",
    "-A -": "Cancel an assertion with the predicate predicate and answer answer.",
    "-dCHARS": "CHARS is a sequence of one or more of the following characters, and must not be preceded by a space. Other characters are interpretedby the compiler proper, or reserved for future versions of GCC , and so are silently ignored. If you specify characters whose behaviorconflicts, the result is undefined.MInstead of the normal output, generate a list of #define directives for all the macros defined during the execution of the preprocessor, includingpredefined macros. This gives you a way of finding out what is predefined in your version of the preprocessor. Assuming you have no file foo.h, thecommandtouch foo.h; cpp -dM foo.hwill show all the predefined macros.If you use -dM without the -E option, -dM is interpreted as a synonym for -fdump-rtl-mach.",
    "-trigraphs": "Process trigraph sequences.",
    "-remap": "Enable special code to work around file systems which only permit very short file names, such as MS-DOS.",
    "--help": "Print text describing all the command line options instead of preprocessing anything.",
    "-v": "Print out GNU CPP 's version number. With one dash, proceed to preprocess as normal. With two dashes, exit immediately."
}