{
    "-a": "Equivalent to specifying --file-header, --program-headers, --sections, --symbols, --relocs, --dynamic,--notes and --version-info.",
    "-h": "Displays the information contained in the ELF header at the start of the file.",
    "-l": "Displays the information contained in the file's segment headers, if it has any.",
    "-S": "Displays the information contained in the file's section headers, if it has any.",
    "-g": "Displays the information contained in the file's section groups, if it has any.",
    "-t": "Displays the detailed section information. Implies -S.",
    "-s": "Displays the entries in symbol table section of the file, if it has one.",
    "--dyn-syms": "Displays the entries in dynamic symbol table section of the file, if it has one.",
    "-e": "Display all the headers in the file. Equivalent to -h -l -S.",
    "-n": "Displays the contents of the NOTE segments and/or sections, if any.",
    "-r": "Displays the contents of the file's relocation section, if it has one.",
    "-u": "Displays the contents of the file's unwind section, if it has one. Only the unwind sections for IA64 ELF files, as well as ARMunwind tables (.ARM.exidx / .ARM.extab) are currently supported.",
    "-d": "Displays the contents of the file's dynamic section, if it has one.",
    "-V": "Displays the contents of the version sections in the file, it they exist.",
    "-A": "Displays architecture-specific information in the file, if there is any.",
    "-D": "When displaying symbols, this option makes readelf use the symbol hash tables in the file's dynamic section, rather than the symbol tablesections.",
    "-x <number or name>": "Displays the contents of the indicated section as a hexadecimal bytes. A number identifies a particular section by index in the section table; any otherstring identifies all sections with that name in the object file.",
    "-R <number or name>": "Displays the contents of the indicated section as a hexadecimal bytes. A number identifies a particular section by index in the section table; any otherstring identifies all sections with that name in the object file. The contents of the section will be relocated before they are displayed.",
    "-p <number or name>": "Displays the contents of the indicated section as printable strings. A number identifies a particular section by index in the section table; any otherstring identifies all sections with that name in the object file.",
    "-c": "Displays the file symbol index information contained in the header part of binary archives. Performs the same function as the t command to ar,but without using the BFD library.",
    "-w[lLiaprmfFsoRt]": "Displays the contents of the debug sections in the file, if any are present. If one of the optional letters or words follows the switch then only data foundin those specific sections will be dumped.Note that there is no single letter option to display the content of trace sections or .gdb_index.Note: the =decodedline option will display the interpreted contents of a .debug_line section whereas the =rawline option dumps the contents ina raw format.Note: the =frames-interp option will display the interpreted contents of a .debug_frame section whereas the =frames option dumps the contentsin a raw format.Note: the output from the =info option can also be affected by the options --dwarf-depth and --dwarf-start.",
    "--dwarf-depth=": "Limit the dump of the .debug_info section to n children. This is only useful with --debug-dump=info. The default is to print allDIEs; the special value 0 for n will also have this effect.With a non-zero value for n, DIEs at or deeper than n levels will not be printed. The range for n is zero-based.",
    "--dwarf-start=": "Print only DIEs beginning with the DIE numbered n. This is only useful with --debug-dump=info.If specified, this option will suppress printing of any header information and all DIEs before the DIE numbered n. Only siblings andchildren of the specified DIE will be printed.This can be used in conjunction with --dwarf-depth.",
    "-I": "Display a histogram of bucket list lengths when displaying the contents of the symbol tables.",
    "-v": "Display the version number of readelf.",
    "-W": "Don't break output lines to fit into 80 columns. By default readelf breaks section header and segment listing lines for 64-bit ELFfiles, so that they fit into 80 columns. This option causes readelf to print each section header resp. each segment one a single line, which is far morereadable on terminals wider than 80 columns.",
    "-H": "Display the command line options understood by readelf."
}