{
    "-a": "Print the name of the file before each string.",
    "--help": "Print a summary of the program usage on the standard output and exit.",
    "-": "Print sequences of characters that are at least min-len characters long, instead of the default 4.",
    "-o": "Print the offset within the file before each string. The single character argument specifies the radix of the offset---o for octal, x forhexadecimal, or d for decimal.",
    "-e": "Select the character encoding of the strings that are to be found. Possible values for encoding are: s = single-7-bit-byte characters (ASCII , ISO 8859, etc., default), S = single-8-bit-byte characters, b = 16-bit bigendian, l = 16-bitlittleendian, B = 32-bit bigendian, L = 32-bit littleendian. Useful for finding wide character strings. (l and b apply to, forexample, Unicode UTF-16/UCS-2 encodings).",
    "-T": "Specify an object code format other than your system's default format.",
    "-v": "Print the program version number on the standard output and exit."
}