{
    "--input-target=": "Object format of the input file. nlmconv can usually determine the format of a given file (so no default is necessary).",
    "-O": "Object format of the output file. nlmconv infers the output format based on the input format, e.g. for a i386 input file the output format isnlm32-i386.",
    "-T": "Reads headerfile for NLM header information. For instructions on writing the NLM command file language used in headerfiles, see see the linkers section, of the NLM Development and Tools Overview, which is part of the NLM SoftwareDeveloper's Kit, available from Novell, Inc.",
    "-d": "Displays (on standard error) the linker command line used by nlmconv.",
    "-l": "Use linker for any linking. linker can be an absolute or a relative pathname.",
    "-h": "Prints a usage summary.",
    "-V": "Prints the version number for nlmconv."
}