{
    "-I": "Consider the source file's object format to be bfdname, rather than attempting to deduce it.",
    "-O": "Write the output file using the object format bfdname.",
    "-F": "Use bfdname as the object format for both the input and the output file; i.e., simply transfer data from source to destination with notranslation.",
    "-B": "Useful when transforming a architecture-less input file into an object file. In this case the output architecture can be set to bfdarch. This optionwill be ignored if the input file has a known bfdarch. You can access this binary data inside a program by referencing the special symbols that arecreated by the conversion process. These symbols are called _binary_objfile_start, _binary_objfile_end and _binary_objfile_size. e.g. youcan transform a picture file into an object file and then access it in your code using these symbols.",
    "-j": "Copy only the named section from the input file to the output file. This option may be given more than once. Note that using this option inappropriately maymake the output file unusable.",
    "-R": "Remove any section named sectionname from the output file. This option may be given more than once. Note that using this option inappropriately maymake the output file unusable.",
    "-S": "Do not copy relocation and symbol information from the source file.",
    "-g": "Do not copy debugging symbols or sections from the source file.",
    "--strip-unneeded": "Strip all symbols that are not needed for relocation processing.",
    "-K": "When stripping symbols, keep symbol symbolname even if it would normally be stripped. This option may be given more than once.",
    "-N": "Do not copy symbol symbolname from the source file. This option may be given more than once.",
    "--strip-unneeded-symbol=": "Do not copy symbol symbolname from the source file unless it is needed by a relocation. This option may be given more than once.",
    "-G": "Keep only symbol symbolname global. Make all other symbols local to the file, so that they are not visible externally. This option may be given morethan once.",
    "--localize-hidden": "In an ELF object, mark all symbols that have hidden or internal visibility as local. This option applies on top of symbol-specificlocalization options such as -L.",
    "-L": "Make symbol symbolname local to the file, so that it is not visible externally. This option may be given more than once.",
    "-W": "Make symbol symbolname weak. This option may be given more than once.",
    "--globalize-symbol=": "Give symbol symbolname global scoping so that it is visible outside of the file in which it is defined. This option may be given more thanonce.",
    "-w": "Permit regular expressions in symbolnames used in other command line options. The question mark (?), asterisk (*), backslash (\\) and square brackets([]) operators can be used anywhere in the symbol name. If the first character of the symbol name is the exclamation point (!) then the sense of the switch isreversed for that symbol. For example:-w -W !foo -W fo*would cause objcopy to weaken all symbols that start with fo except for the symbol foo.",
    "-x": "Do not copy non-global symbols from the source file.",
    "-X": "Do not copy compiler-generated local symbols. (These usually start with L or ..)",
    "-b": "If interleaving has been enabled via the --interleave option then start the range of bytes to keep at the byteth byte. byte can be inthe range from 0 to breadth-1, where breadth is the value given by the --interleave option.",
    "-i [": "Only copy a range out of every breadth bytes. (Header data is not affected). Select which byte in the range begins the copy with the --byteoption. Select the width of the range with the --interleave-width option.This option is useful for creating files to program ROM . It is typically used with an srec output target. Note thatobjcopy will complain if you do not specify the --byte option as well.The default interleave breadth is 4, so with --byte set to 0, objcopy would copy the first byte out of every four bytes from the input to theoutput.",
    "--interleave-width=": "When used with the --interleave option, copy width bytes at a time. The start of the range of bytes to be copied is set by the --byteoption, and the extent of the range is set with the --interleave option.The default value for this option is 1. The value of width plus the byte value set by the --byte option must not exceed the interleavebreadth set by the --interleave option.This option can be used to create images for two 16-bit flashes interleaved in a 32-bit bus by passing -b 0 -i 4 --interleave-width=2 and -b 2 -i4 --interleave-width=2 to two objcopy commands. If the input was '12345678' then the outputs would be '1256' and '3478' respectively.",
    "-p": "Set the access and modification dates of the output file to be the same as those of the input file.",
    "-D": "Operate in deterministic mode. When copying archive members and writing the archive index, use zero for UIDs, GIDs, timestamps, and use consistentfile modes for all files.",
    "--debugging": "Convert debugging information, if possible. This is not the default because only certain debugging formats are supported, and the conversion process can betime consuming.",
    "--gap-fill": "Fill gaps between sections with val. This operation applies to the load address ( LMA ) of the sections. It is done byincreasing the size of the section with the lower address, and filling in the extra space created with val.",
    "--pad-to": "Pad the output file up to the load address address. This is done by increasing the size of the last section. The extra space is filled in with thevalue specified by --gap-fill (default zero).",
    "--set-start": "Set the start address of the new file to val. Not all object file formats support setting the start address.",
    "--change-start": "Change the start address by adding incr. Not all object file formats support setting the start address.",
    "--change-addresses": "Change the VMA and LMA addresses of all sections, as well as the start address, by adding incr. Some object fileformats do not permit section addresses to be changed arbitrarily. Note that this does not relocate the sections; if the program expects sections to be loadedat a certain address, and this option is used to change the sections such that they are loaded at a different address, the program may fail.",
    "--change-section-address": "Set or change both the VMA address and the LMA address of the named section. If = is used, the section addressis set to val. Otherwise, val is added to or subtracted from the section address. See the comments under --change-addresses, above. Ifsection does not exist in the input file, a warning will be issued, unless --no-change-warnings is used.",
    "--change-section-lma": "Set or change the LMA address of the named section. The LMA address is the address where the section will be loadedinto memory at program load time. Normally this is the same as the VMA address, which is the address of the section at program run time, but onsome systems, especially those where a program is held in ROM , the two can be different. If = is used, the section address is set toval. Otherwise, val is added to or subtracted from the section address. See the comments under --change-addresses, above. Ifsection does not exist in the input file, a warning will be issued, unless --no-change-warnings is used.",
    "--change-section-vma": "Set or change the VMA address of the named section. The VMA address is the address where the section will be locatedonce the program has started executing. Normally this is the same as the LMA address, which is the address where the section will be loaded intomemory, but on some systems, especially those where a program is held in ROM , the two can be different. If = is used, the sectionaddress is set to val. Otherwise, val is added to or subtracted from the section address. See the comments under --change-addresses,above. If section does not exist in the input file, a warning will be issued, unless --no-change-warnings is used.",
    "--change-warnings": "If --change-section-address or --change-section-lma or --change-section-vma is used, and the named section does not exist, issue awarning. This is the default.",
    "--no-change-warnings": "Do not issue a warning if --change-section-address or --adjust-section-lma or --adjust-section-vma is used, even if the named sectiondoes not exist.",
    "--set-section-flags": "Set the flags for the named section. The flags argument is a comma separated string of flag names. The recognized names are alloc,contents, load, noload, readonly, code, data, rom, share, and debug. You can set thecontents flag for a section which does not have contents, but it is not meaningful to clear the contents flag of a section which does havecontents--just remove the section instead. Not all flags are meaningful for all object file formats.",
    "--add-section": "Add a new section named sectionname while copying the file. The contents of the new section are taken from the file filename. The size of thesection will be the size of the file. This option only works on file formats which can support sections with arbitrary names.",
    "--rename-section": "Rename a section from oldname to newname, optionally changing the section's flags to flags in the process. This has the advantage overusng a linker script to perform the rename in that the output stays as an object file and does not become a linked executable.This option is particularly helpful when the input format is binary, since this will always create a section called .data. If for example, you wantedinstead to create a section called .rodata containing binary data you could use the following command line to achieve it:objcopy -I binary -O <output_format> -B <architecture> \\ --rename-section .data=.rodata,alloc,load,readonly,data,contents \\ <input_binary_file> <output_object_file>",
    "--long-section-names {enable,disable,keep}": "Controls the handling of long section names when processing COFF and PE-COFF object formats. The default behaviour, keep, is topreserve long section names if any are present in the input file. The enable and disable options forcibly enable or disable the use of longsection names in the output object; when disable is in effect, any long section names in the input object will be truncated. The enable optionwill only emit long section names if any are present in the inputs; this is mostly the same as keep, but it is left undefined whether the enableoption might force the creation of an empty string table in the output file.",
    "--change-leading-char": "Some object file formats use special characters at the start of symbols. The most common such character is underscore, which compilers often add beforeevery symbol. This option tells objcopy to change the leading character of every symbol when it converts between object file formats. If the object fileformats use the same leading character, this option has no effect. Otherwise, it will add a character, or remove a character, or change a character, asappropriate.",
    "--remove-leading-char": "If the first character of a global symbol is a special symbol leading character used by the object file format, remove the character. The most common symbolleading character is underscore. This option will remove a leading underscore from all global symbols. This can be useful if you want to link together objectsof different file formats with different conventions for symbol names. This is different from --change-leading-char because it always changes the symbolname when appropriate, regardless of the object file format of the output file.",
    "--reverse-bytes=": "Reverse the bytes in a section with output contents. A section length must be evenly divisible by the value given in order for the swap to be able to takeplace. Reversing takes place before the interleaving is performed.This option is used typically in generating ROM images for problematic target systems. For example, on some target boards, the 32-bit wordsfetched from 8-bit ROMs are re-assembled in little-endian byte order regardless of the CPU byte order. Depending on the programming model, theendianness of the ROM may need to be modified.Consider a simple file with a section containing the following eight bytes: 12345678.Using --reverse-bytes=2 for the above example, the bytes in the output file would be ordered 21436587.Using --reverse-bytes=4 for the above example, the bytes in the output file would be ordered 43218765.By using --reverse-bytes=2 for the above example, followed by --reverse-bytes=4 on the output file, the bytes in the second output file wouldbe ordered 34127856.",
    "--srec-len=": "Meaningful only for srec output. Set the maximum length of the Srecords being produced to ival. This length covers both address, data and crcfields.",
    "--srec-forceS3": "Meaningful only for srec output. Avoid generation of S1/S2 records, creating S3-only record format.",
    "--redefine-sym": "Change the name of a symbol old, to new. This can be useful when one is trying link two things together for which you have no source, andthere are name collisions.",
    "--redefine-syms=": "Apply --redefine-sym to each symbol pair old new listed in the file filename. filename is simply a flat file, with one symbolpair per line. Line comments may be introduced by the hash character. This option may be given more than once.",
    "--weaken": "Change all global symbols in the file to be weak. This can be useful when building an object which will be linked against other objects using the -Roption to the linker. This option is only effective when using an object file format which supports weak symbols.",
    "--keep-symbols=": "Apply --keep-symbol option to each symbol listed in the file filename. filename is simply a flat file, with one symbol name per line.Line comments may be introduced by the hash character. This option may be given more than once.",
    "--strip-symbols=": "Apply --strip-symbol option to each symbol listed in the file filename. filename is simply a flat file, with one symbol name per line.Line comments may be introduced by the hash character. This option may be given more than once.",
    "--strip-unneeded-symbols=": "Apply --strip-unneeded-symbol option to each symbol listed in the file filename. filename is simply a flat file, with one symbol nameper line. Line comments may be introduced by the hash character. This option may be given more than once.",
    "--keep-global-symbols=": "Apply --keep-global-symbol option to each symbol listed in the file filename. filename is simply a flat file, with one symbol name perline. Line comments may be introduced by the hash character. This option may be given more than once.",
    "--localize-symbols=": "Apply --localize-symbol option to each symbol listed in the file filename. filename is simply a flat file, with one symbol name perline. Line comments may be introduced by the hash character. This option may be given more than once.",
    "--globalize-symbols=": "Apply --globalize-symbol option to each symbol listed in the file filename. filename is simply a flat file, with one symbol name perline. Line comments may be introduced by the hash character. This option may be given more than once.",
    "--weaken-symbols=": "Apply --weaken-symbol option to each symbol listed in the file filename. filename is simply a flat file, with one symbol name per line.Line comments may be introduced by the hash character. This option may be given more than once.",
    "--alt-machine-code=": "If the output architecture has alternate machine codes, use the indexth code instead of the default one. This is useful in case a machine is assignedan official code and the tool-chain adopts the new code, but other applications still depend on the original code being used. For ELF basedarchitectures if the index alternative does not exist then the value is treated as an absolute number to be stored in the e_machine field of theELF header.",
    "--writable-text": "Mark the output text as writable. This option isn't meaningful for all object file formats.",
    "--readonly-text": "Make the output text write protected. This option isn't meaningful for all object file formats.",
    "--pure": "Mark the output file as demand paged. This option isn't meaningful for all object file formats.",
    "--impure": "Mark the output file as impure. This option isn't meaningful for all object file formats.",
    "--prefix-symbols=": "Prefix all symbols in the output file with string.",
    "--prefix-sections=": "Prefix all section names in the output file with string.",
    "--prefix-alloc-sections=": "Prefix all the names of all allocated sections in the output file with string.",
    "--add-gnu-debuglink=": "Creates a .gnu_debuglink section which contains a reference to path-to-file and adds it to the output file.",
    "--keep-file-symbols": "When stripping a file, perhaps with --strip-debug or --strip-unneeded, retain any symbols specifying source file names, which would otherwiseget stripped.",
    "--only-keep-debug": "Strip a file, removing contents of any sections that would not be stripped by --strip-debug and leaving the debugging sections intact. InELF files, this preserves all note sections in the output.The intention is that this option will be used in conjunction with --add-gnu-debuglink to create a two part executable. One a stripped binary whichwill occupy less space in RAM and in a distribution and the second a debugging information file which is only needed if debugging abilities arerequired. The suggested procedure to create these files is as follows:1.<Link the executable as normal. Assuming that is is called>foo then...1.<Run objcopy --only-keep-debug foo foo.dbg to>create a file containing the debugging info.1.<Run objcopy --strip-debug foo to create a>stripped executable.1.<Run objcopy --add-gnu-debuglink=foo.dbg foo>to add a link to the debugging info into the stripped executable.Note---the choice of .dbg as an extension for the debug info file is arbitrary. Also the --only-keep-debug step is optional. You couldinstead do this:1.<Link the executable as normal.>1.<Copy foo to foo.full>1.<Run objcopy --strip-debug foo>1.<Run objcopy --add-gnu-debuglink=foo.full foo>i.e., the file pointed to by the --add-gnu-debuglink can be the full executable. It does not have to be a file created by the--only-keep-debug switch.Note---this switch is only intended for use on fully linked files. It does not make sense to use it on object files where the debugging information may beincomplete. Besides the gnu_debuglink feature currently only supports the presence of one filename containing debugging information, not multiple filenames ona one-per-object-file basis.",
    "--strip-dwo": "Remove the contents of all DWARF .dwo sections, leaving the remaining debugging sections and all symbols intact. This option is intended foruse by the compiler as part of the -gsplit-dwarf option, which splits debug information between the .o file and a separate .dwo file. The compilergenerates all debug information in the same file, then uses the --extract-dwo option to copy the .dwo sections to the .dwo file, then the--strip-dwo option to remove those sections from the original .o file.",
    "--extract-dwo": "Extract the contents of all DWARF .dwo sections. See the --strip-dwo option for more information.",
    "--file-alignment": "Specify the file alignment. Sections in the file will always begin at file offsets which are multiples of this number. This defaults to 512. [This option isspecific to PE targets.]",
    "--heap": "Specify the number of bytes of memory to reserve (and optionally commit) to be used as heap for this program. [This option is specific to PEtargets.]",
    "--image-base": "Use value as the base address of your program or dll. This is the lowest memory location that will be used when your program or dll is loaded. Toreduce the need to relocate and improve performance of your dlls, each should have a unique base address and not overlap any other dlls. The default is0x400000 for executables, and 0x10000000 for dlls. [This option is specific to PE targets.]",
    "--section-alignment": "Sets the section alignment. Sections in memory will always begin at addresses which are a multiple of this number. Defaults to 0x1000. [This option isspecific to PE targets.]",
    "--stack": "Specify the number of bytes of memory to reserve (and optionally commit) to be used as stack for this program. [This option is specific to PEtargets.]",
    "--subsystem": "Specifies the subsystem under which your program will execute. The legal values for which are native, windows,console, posix, efi-app, efi-bsd, efi-rtd, sal-rtd, and xbox. You may optionallyset the subsystem version also. Numeric values are also accepted for which. [This option is specific to PE targets.]",
    "--extract-symbol": "Keep the file's section flags and symbols but remove all section data. Specifically, the option:*<removes the contents of all sections;>*<sets the size of every section to zero; and>*<sets the file's start address to zero.>This option is used to build a .sym file for a VxWorks kernel. It can also be a useful way of reducing the size of a --just-symbols linkerinput file.",
    "--compress-debug-sections": "Compress DWARF debug sections using zlib.",
    "--decompress-debug-sections": "Decompress DWARF debug sections using zlib.",
    "-V": "Show the version number of objcopy.",
    "-v": "Verbose output: list all object files modified. In the case of archives, objcopy -V lists all members of the archive.",
    "--help": "Show a summary of the options to objcopy.",
    "--info": "Display a list showing all architectures and object formats available."
}