{
    "--target=": "Treat the original objfile as a file with the object code format bfdname, and rewrite it in the same format.",
    "--help": "Show a summary of the options to strip and exit.",
    "--info": "Display a list showing all architectures and object formats available.",
    "-I": "Treat the original objfile as a file with the object code format bfdname.",
    "-O": "Replace objfile with a file in the output format bfdname.",
    "-R": "Remove any section named sectionname from the output file. This option may be given more than once. Note that using this option inappropriately maymake the output file unusable.",
    "-s": "Remove all symbols.",
    "-g": "Remove debugging symbols only.",
    "--strip-dwo": "Remove the contents of all DWARF .dwo sections, leaving the remaining debugging sections and all symbols intact. See the description of thisoption in the objcopy section for more information.",
    "--strip-unneeded": "Remove all symbols that are not needed for relocation processing.",
    "-K": "When stripping symbols, keep symbol symbolname even if it would normally be stripped. This option may be given more than once.",
    "-N": "Remove symbol symbolname from the source file. This option may be given more than once, and may be combined with strip options other than-K.",
    "-o": "Put the stripped output in file, rather than replacing the existing file. When this argument is used, only one objfile argument may bespecified.",
    "-p": "Preserve the access and modification dates of the file.",
    "-D": "Operate in deterministic mode. When copying archive members and writing the archive index, use zero for UIDs, GIDs, timestamps, and use consistentfile modes for all files.",
    "-w": "Permit regular expressions in symbolnames used in other command line options. The question mark (?), asterisk (*), backslash (\\) and square brackets([]) operators can be used anywhere in the symbol name. If the first character of the symbol name is the exclamation point (!) then the sense of the switch isreversed for that symbol. For example:-w -K !foo -K fo*would cause strip to only keep symbols that start with the letters fo, but to discard the symbol foo.",
    "-x": "Remove non-global symbols.",
    "-X": "Remove compiler-generated local symbols. (These usually start with L or ..)",
    "--keep-file-symbols": "When stripping a file, perhaps with --strip-debug or --strip-unneeded, retain any symbols specifying source file names, which would otherwiseget stripped.",
    "--only-keep-debug": "Strip a file, removing contents of any sections that would not be stripped by --strip-debug and leaving the debugging sections intact. InELF files, this preserves all note sections in the output.The intention is that this option will be used in conjunction with --add-gnu-debuglink to create a two part executable. One a stripped binary whichwill occupy less space in RAM and in a distribution and the second a debugging information file which is only needed if debugging abilities arerequired. The suggested procedure to create these files is as follows:1.<Link the executable as normal. Assuming that is is called>foo then...1.<Run objcopy --only-keep-debug foo foo.dbg to>create a file containing the debugging info.1.<Run objcopy --strip-debug foo to create a>stripped executable.1.<Run objcopy --add-gnu-debuglink=foo.dbg foo>to add a link to the debugging info into the stripped executable.Note---the choice of .dbg as an extension for the debug info file is arbitrary. Also the --only-keep-debug step is optional. You couldinstead do this:1.<Link the executable as normal.>1.<Copy foo to foo.full>1.<Run strip --strip-debug foo>1.<Run objcopy --add-gnu-debuglink=foo.full foo>i.e., the file pointed to by the --add-gnu-debuglink can be the full executable. It does not have to be a file created by the--only-keep-debug switch.Note---this switch is only intended for use on fully linked files. It does not make sense to use it on object files where the debugging information may beincomplete. Besides the gnu_debuglink feature currently only supports the presence of one filename containing debugging information, not multiple filenames ona one-per-object-file basis.",
    "-V": "Show the version number for strip.",
    "-v": "Verbose output: list all object files modified. In the case of archives, strip -v lists all members of the archive."
}