{
    "-h": "Display help about using gcov (on the standard output), and exit without doing any further processing.",
    "-v": "Display the gcov version number (on the standard output), and exit without doing any further processing.",
    "-a": "Write individual execution counts for every basic block. Normally gcov outputs execution counts only for the main blocks of a line. With this option you candetermine if blocks within a single line are not being executed.",
    "-b": "Write branch frequencies to the output file, and write branch summary info to the standard output. This option allows you to see how often each branch inyour program was taken. Unconditional branches will not be shown, unless the -u option is given.",
    "-c": "Write branch frequencies as the number of branches taken, rather than the percentage of branches taken.",
    "-n": "Do not create the gcov output file.",
    "-l": "Create long file names for included source files. For example, if the header file x.h contains code, and was included in the file a.c, thenrunning gcov on the file a.c will produce an output file called a.c##x.h.gcov instead of x.h.gcov. This can be useful if x.his included in multiple source files and you want to see the individual contributions. If you use the -p option, both the including and included filenames will be complete path names.",
    "-p": "Preserve complete path information in the names of generated .gcov files. Without this option, just the filename component is used. With this option,all directories are used, with / characters translated to # characters, . directory components removed and unremoveable ..components renamed to ^. This is useful if sourcefiles are in several different directories.",
    "-r": "Only output information about source files with a relative pathname (after source prefix elision). Absolute paths are usually system header files andcoverage of any inline functions therein is normally uninteresting.",
    "-f": "Output summaries for each function in addition to the file level summary.",
    "-o": "Specify either the directory containing the gcov data files, or the object path name. The .gcno, and .gcda data files are searched for usingthis option. If a directory is specified, the data files are in that directory and named after the input file name, without its extension. If a file isspecified here, the data files are named after that file, without its extension.",
    "-s": "A prefix for source file names to remove when generating the output coverage files. This option is useful when building in a separate directory, and thepathname to the source directory is not wanted when determining the output file names. Note that this prefix detection is applied before determining whetherthe source file is absolute.",
    "-u": "When branch probabilities are given, include those of unconditional branches. Unconditional branches are normally not interesting.",
    "-d": "Display the progress on the standard output."
}