{
    "-a[cdghlmns]": "Turn on listings, in any of a variety of ways:-acomit false conditionals-adomit debugging directives-aginclude general information, like as version and options passed-ahinclude high-level source-alinclude assembly-aminclude macro expansions-anomit forms processing-asinclude symbols=fileset the name of the listing fileYou may combine these options; for example, use -aln for assembly listing without forms processing. The =file option, if used, must be thelast one. By itself, -a defaults to -ahls.",
    "--alternate": "Begin in alternate macro mode.",
    "--compress-debug-sections": "Compress DWARF debug sections using zlib. The debug sections are renamed to begin with .zdebug, and the resulting object file may notbe compatible with older linkers and object file utilities.",
    "--nocompress-debug-sections": "Do not compress DWARF debug sections. This is the default.",
    "-D": "When assembling files in directory old, record debugging information describing them as in new instead.",
    "--defsym": "Define the symbol sym to be value before assembling the input file. value must be an integer constant. As in C, a leading 0xindicates a hexadecimal value, and a leading 0 indicates an octal value. The value of the symbol can be overridden inside a source file via the use of a.set pseudo-op.",
    "-f": "Generate debugging information for each assembler source line using whichever debug format is preferred by the target. This currently means eitherSTABS , ECOFF or DWARF2 .",
    "--gstabs": "Generate stabs debugging information for each assembler line. This may help debugging assembler code, if the debugger can handle it.",
    "--gstabs+": "Generate stabs debugging information for each assembler line, with GNU extensions that probably only gdb can handle, and that could makeother debuggers crash or refuse to read your program. This may help debugging assembler code. Currently the only GNU extension is the locationof the current working directory at assembling time.",
    "--gdwarf-2": "Generate DWARF2 debugging information for each assembler line. This may help debugging assembler code, if the debugger can handle it.Note---this option is only supported by some targets, not all of them.",
    "--size-check=error": "Issue an error or warning for invalid ELF .size directive.",
    "--help": "Print a summary of the command line options and exit.",
    "--target-help": "Print a summary of all target specific options and exit.",
    "-I": "Add directory dir to the search list for .include directives.",
    "-J": "Keep (in the symbol table) local symbols. These symbols start with system-specific local label prefixes, typically .L for ELF systemsor L for traditional a.out systems.",
    "--listing-lhs-width=": "Set the maximum width, in words, of the output data column for an assembler listing to number.",
    "--listing-lhs-width2=": "Set the maximum width, in words, of the output data column for continuation lines in an assembler listing to number.",
    "--listing-rhs-width=": "Set the maximum width of an input source line, as displayed in a listing, to number bytes.",
    "--listing-cont-lines=": "Set the maximum number of lines printed in a listing for a single line of input to number + 1.",
    "-o": "Name the object-file output from as objfile.",
    "-R": "This option reduces GAS 's memory requirements, at the expense of making the assembly processes slower. Currently this switch is a synonymfor --hash-size=4051, but in the future it may have other effects as well.",
    "--statistics": "Print the maximum space (in bytes) and total time (in seconds) used by assembly.",
    "--strip-local-absolute": "Remove local absolute symbols from the outgoing symbol table.",
    "-v": "Print the as version.",
    "--version": "Print the as version and exit.",
    "-W": "Suppress warning messages.",
    "--fatal-warnings": "Treat warnings as errors.",
    "--warn": "Don't suppress warning messages or treat them as errors.",
    "-w": "Standard input, or source files to assemble.",
    "-mdebug": "Cause stabs-style debugging output to go into an ECOFF-style .mdebug section instead of the standard ELF .stabs sections.",
    "-relax": "Alter jump instructions for long displacements.",
    "-replace": "Enables or disables the optimization of procedure calls, both at assemblage and at link time. These options are only available for VMStargets and -replace is the default. See section 1.4.1 of the OpenVMS Linker Utility Manual.",
    "-g": "A local common symbol larger than size is placed in .bss, while smaller symbols are placed in .sbss.",
    "-F": "These options are ignored for backward compatibility.",
    "-EB | -EL": "Select the endianness, either big-endian (-EB) or little-endian (-EL).",
    "-march=": "Specify which s390 processor variant is the target, g6, g6, z900, z990, z9-109, z9-ec, or z10.",
    "-mfpu=": "Select which Floating Point architecture is the target.",
    "-mfloat-abi=": "Select which floating point ABI is in use.",
    "-mthumb": "Enable Thumb only instruction decoding.",
    "-mapcs-32 | -mapcs-26 | -mapcs-float | -mapcs-reentrant": "Select which procedure calling convention is in use.",
    "-mthumb-interwork": "Specify that the code has been generated with interworking between Thumb and ARM code in mind.",
    "-k": "This option specifies the target processor. The optional sirevision is not used in assembler. It's here such that GCC can easily passdown its -mcpu= option. The assembler will issue an error message if an attempt is made to assemble an instruction which will not execute on thetarget processor. The following processor names are recognized: bf504, bf506, bf512, bf514, bf516,bf518, bf522, bf523, bf524, bf525, bf526, bf527, bf531,bf532, bf533, bf534, bf535 (not implemented yet), bf536, bf537, bf538,bf539, bf542, bf542m, bf544, bf544m, bf547, bf547m, bf548,bf548m, bf549, bf549m, bf561, and bf592.",
    "-mfdpic": "Assemble for the FDPIC ABI .",
    "-mno-fdpic": "Disable -mfdpic.",
    "-mepiphany16": "Restricts the permitted instructions to just the 16 bit set.",
    "-n": "Enable or disable the JSRI to BSR transformation. By default this is enabled. The command line option -nojsri2bsr canbe used to disable it.",
    "-mtune=": "Schedule and tune for a particular MIPS cpu.",
    "-msse2avx": "This option specifies that the assembler should encode SSE instructions with VEX prefix.",
    "-msse-check=": "These options control if the assembler should check SSE intructions. -msse-check=none will make the assembler not to checkSSE instructions, which is the default. -msse-check=warning will make the assembler issue a warning for any SSEintruction. -msse-check=error will make the assembler issue an error for any SSE intruction.",
    "-mavxscalar=": "These options control how the assembler should encode scalar AVX instructions. -mavxscalar=128 will encode scalarAVX instructions with 128bit vector length, which is the default. -mavxscalar=256 will encode scalar AVXinstructions with 256bit vector length.",
    "-mmnemonic=": "This option specifies instruction mnemonic for matching instructions. The .att_mnemonic and .intel_mnemonic directives will takeprecedent.",
    "-msyntax=": "This option specifies instruction syntax when processing instructions. The .att_syntax and .intel_syntax directives will takeprecedent.",
    "-mnaked-reg": "This opetion specifies that registers don't require a % prefix. The .att_syntax and .intel_syntax directives will takeprecedent.",
    "-b": "Do not alter compare-and-branch instructions for long displacements; error if necessary.",
    "-mip2022": "Restores the default behaviour, which restricts the permitted instructions to just the basic IP2022 ones.",
    "-m16c": "Assemble M16C instructions (the default).",
    "-h-tick-hex": "Support H'00 style hex constants in addition to 0x00 style.",
    "--warn-explicit-parallel-conflicts or --Wp": "Produce warning messages when questionable parallel constructs are encountered.",
    "--no-warn-explicit-parallel-conflicts or --Wnp": "Do not produce warning messages when questionable parallel constructs are encountered.",
    "-m68881 | -m68882 | -mno-68881 | -mno-68882": "The target machine does (or does not) have a floating-point coprocessor. The default is to assume a coprocessor for 68020, 68030, and cpu32. Although thebasic 68000 is not compatible with the 68881, a combination of the two can be specified, since it's possible to do emulation of the coprocessor instructionswith the main processor.",
    "-m68851 | -mno-68851": "The target machine does (or does not) have a memory-management unit coprocessor. The default is to assume an MMU for 68020 and up.",
    "-mall": "Enable all instruction set extensions. This is the default.",
    "-mno-extensions": "Disable all instruction set extensions.",
    "-m": "Enable the instruction set extensions supported by a particular machine model, and disable all other extensions.",
    "--xgate-ramoffset": "Instruct the linker to offset RAM addresses from S12X address space into XGATE address space.",
    "-mshort": "Specify to use the 16-bit integer ABI .",
    "-mlong": "Specify to use the 32-bit integer ABI .",
    "-mshort-double": "Specify to use the 32-bit double ABI .",
    "-mlong-double": "Specify to use the 64-bit double ABI .",
    "--force-long-branches": "Relative branches are turned into absolute ones. This concerns conditional branches, unconditional branches and branches to a sub routine.",
    "-S | --short-branches": "Do not turn relative branches into absolute ones when the offset is out of range.",
    "--strict-direct-mode": "Do not turn the direct addressing mode into extended addressing mode when the instruction does not support direct addressing mode.",
    "--print-insn-syntax": "Print the syntax of instruction in case of error.",
    "--print-opcodes": "Print the list of instructions with syntax and then exit.",
    "--generate-example": "Print an example of instruction for each possible instruction and then exit. This option is only useful for testing as.",
    "-xarch=v8plus | -xarch=v8plusa": "For compatibility with the Solaris v9 assembler. These options are equivalent to -Av8plus and -Av8plusa, respectively.",
    "-bump": "Warn when the assembler switches to another architecture.",
    "-mcpu=": "Sets the CPU version being compiled for.",
    "-merrors-to-file": "Redirect error output to a file, for broken systems which don't support such behaviour in the shell.",
    "-EB": "Generate ELF32 or XCOFF32 .",
    "-mfix7000": "Cause nops to be inserted if the read of the destination register of an mfhi or mflo instruction occurs in the following two instructions.",
    "-mpdr": "Control generation of .pdr sections.",
    "-mgp32": "The register sizes are normally inferred from the ISA and ABI , but these flags force a certain group of registers to betreated as 32 bits wide at all times. -mgp32 controls the size of general-purpose registers and -mfp32 controls the size of floating-pointregisters.",
    "-mips16": "Generate code for the MIPS 16 processor. This is equivalent to putting .set mips16 at the start of the assembly file.-no-mips16 turns off this option.",
    "-mmicromips": "Generate code for the microMIPS processor. This is equivalent to putting .set micromips at the start of the assembly file. -mno-micromipsturns off this option. This is equivalent to putting .set nomicromips at the start of the assembly file.",
    "-msmartmips": "Enables the SmartMIPS extension to the MIPS32 instruction set. This is equivalent to putting .set smartmips at the start of theassembly file. -mno-smartmips turns off this option.",
    "-mips3d": "Generate code for the MIPS-3D Application Specific Extension. This tells the assembler to accept MIPS-3D instructions.-no-mips3d turns off this option.",
    "-mdmx": "Generate code for the MDMX Application Specific Extension. This tells the assembler to accept MDMX instructions.-no-mdmx turns off this option.",
    "-mdsp": "Generate code for the DSP Release 1 Application Specific Extension. This tells the assembler to accept DSP Release 1instructions. -mno-dsp turns off this option.",
    "-mdspr2": "Generate code for the DSP Release 2 Application Specific Extension. This option implies -mdsp. This tells the assembler to acceptDSP Release 2 instructions. -mno-dspr2 turns off this option.",
    "-mmt": "Generate code for the MT Application Specific Extension. This tells the assembler to accept MT instructions. -mno-mtturns off this option.",
    "-mmcu": "Generate code for the MCU Application Specific Extension. This tells the assembler to accept MCU instructions. -mno-mcuturns off this option.",
    "--construct-floats": "The --no-construct-floats option disables the construction of double width floating point constants by loading the two halves of the value into thetwo single width floating point registers that make up the double width register. By default --construct-floats is selected, allowing construction ofthese floating point constants.",
    "--emulation=": "This option causes as to emulate as configured for some other target, in all respects, including output format (choosing betweenELF and ECOFF only), handling of pseudo-opcodes which may generate debugging information or store symbol table information, anddefault endianness. The available configuration names are: mipsecoff, mipself, mipslecoff, mipsbecoff, mipslelf,mipsbelf. The first two do not alter the default endianness from that of the primary target for which the assembler was configured; the others changethe default to little- or big-endian as indicated by the b or l in the name. Using -EB or -EL will override the endiannessselection in any case.This option is currently supported only when the primary target as is configured for is a MIPS ELF or ECOFF target.Furthermore, the primary target or others specified with --enable-targets=... at configuration time must include support for the other format, if bothare to be available. For example, the Irix 5 configuration includes support for both.Eventually, this option will support more configurations, with more fine-grained control over the assembler's behavior, and will be supported for moreprocessors.",
    "-nocpp": "as ignores this option. It is accepted for compatibility with the native tools.",
    "--trap": "Control how to deal with multiplication overflow and division by zero. --trap or --no-break (which are synonyms) take a trap exception (andonly work for Instruction Set Architecture level 2 and higher); --break or --no-trap (also synonyms, and the default) take a breakexception.",
    "-sifilter": "Enable or disable the silicon filter behaviour. By default this is disabled. The default can be overridden by the -sifilter command lineoption.",
    "-mcpu=[210|340]": "Select the cpu type on the target hardware. This controls which instructions can be assembled.",
    "-a64": "Generate ELF64 or XCOFF64 .",
    "-K PIC": "Set EF_PPC_RELOCATABLE_LIB in ELF flags.",
    "-mpwrx | -mpwr2": "Generate code for POWER/2 ( RIOS2 ).",
    "-mpwr": "Generate code for POWER ( RIOS1 )",
    "-m601": "Generate code for PowerPC 601.",
    "-mppc, -mppc32, -m603, -m604": "Generate code for PowerPC 603/604.",
    "-m403, -m405": "Generate code for PowerPC 403/405.",
    "-m440": "Generate code for PowerPC 440. BookE and some 405 instructions.",
    "-m464": "Generate code for PowerPC 464.",
    "-m476": "Generate code for PowerPC 476.",
    "-m7400, -m7410, -m7450, -m7455": "Generate code for PowerPC 7400/7410/7450/7455.",
    "-m750cl": "Generate code for PowerPC 750CL.",
    "-mppc64, -m620": "Generate code for PowerPC 620/625/630.",
    "-me500, -me500x2": "Generate code for Motorola e500 core complex.",
    "-me500mc": "Generate code for Freescale e500mc core complex.",
    "-me500mc64": "Generate code for Freescale e500mc64 core complex.",
    "-me5500": "Generate code for Freescale e5500 core complex.",
    "-me6500": "Generate code for Freescale e6500 core complex.",
    "-mspe": "Generate code for Motorola SPE instructions.",
    "-mtitan": "Generate code for AppliedMicro Titan core complex.",
    "-mppc64bridge": "Generate code for PowerPC 64, including bridge insns.",
    "-mbooke": "Generate code for 32-bit BookE.",
    "-ma2": "Generate code for A2 architecture.",
    "-me300": "Generate code for PowerPC e300 family.",
    "-maltivec": "Generate code for processors with AltiVec instructions.",
    "-mvle": "Generate code for Freescale PowerPC VLE instructions.",
    "-mvsx": "Generate code for processors with Vector-Scalar ( VSX ) instructions.",
    "-mpower4, -mpwr4": "Generate code for Power4 architecture.",
    "-mpower5, -mpwr5, -mpwr5x": "Generate code for Power5 architecture.",
    "-mpower6, -mpwr6": "Generate code for Power6 architecture.",
    "-mpower7, -mpwr7": "Generate code for Power7 architecture.",
    "-mcell": "Generate code for Cell Broadband Engine architecture.",
    "-mcom": "Generate code Power/PowerPC common instructions.",
    "-many": "Generate code for any architecture ( PWR/PWRX/PPC ).",
    "-mregnames": "Allow or disallow symbolic names for registers.",
    "-mno-regnames": "Do not allow symbolic names for registers.",
    "-mrelocatable": "Support for GCC 's -mrelocatable option.",
    "-mrelocatable-lib": "Support for GCC 's -mrelocatable-lib option.",
    "-memb": "Set PPC_EMB bit in ELF flags.",
    "-mlittle, -mlittle-endian, -le": "Generate code for a little endian machine.",
    "-mbig, -mbig-endian, -be": "Generate code for a big endian machine.",
    "-msolaris": "Generate code for Solaris.",
    "-mno-solaris": "Do not generate code for Solaris.",
    "-nops=": "If an alignment directive inserts more than count nops, put a branch at the beginning to skip execution of the nops.",
    "-mesa": "Select the architecture mode, either the Enterprise System Architecture (esa) or the z/Architecture mode (zarch).",
    "-mwarn-areg-zero": "Warn whenever the operand for a base or index register has been specified but evaluates to zero.",
    "-mdsbt": "The -mdsbt option causes the assembler to generate the Tag_ABI_DSBT attribute with a value of 1, indicating that the code is usingDSBT addressing. The -mno-dsbt option, the default, causes the tag to have a value of 0, indicating that the code does not useDSBT addressing. The linker will emit a warning if objects of different type ( DSBT and non-DSBT) are linked together.",
    "-mpid=no": "The -mpid= option causes the assembler to generate the Tag_ABI_PID attribute with a value indicating the form of data addressing used bythe code. -mpid=no, the default, indicates position-dependent data addressing, -mpid=near indicates position-independent addressing withGOT accesses using near DP addressing, and -mpid=far indicates position-independent addressing with GOTaccesses using far DP addressing. The linker will emit a warning if objects built with different settings of this option are linkedtogether.",
    "-mpic": "The -mpic option causes the assembler to generate the Tag_ABI_PIC attribute with a value of 1, indicating that the code is usingposition-independent code addressing, The -mno-pic option, the default, causes the tag to have a value of 0, indicating position-dependent codeaddressing. The linker will emit a warning if objects of different type (position-dependent and position-independent) are linked together.",
    "-mbig-endian": "Generate code for the specified endianness. The default is little-endian.",
    "--absolute-literals | --no-absolute-literals": "Indicate to the assembler whether L32R instructions use absolute or PC-relative addressing. If the processor includes the absolute addressingoption, the default is to use absolute L32R relocations. Otherwise, only the PC-relative L32R relocations can be used.",
    "--target-align | --no-target-align": "Enable or disable automatic alignment to reduce branch penalties at some expense in code size. This optimization is enabled by default. Note that theassembler will always align instructions like LOOP that have fixed alignment requirements.",
    "--longcalls | --no-longcalls": "Enable or disable transformation of call instructions to allow calls across a greater range of addresses. This option should be used when call targets canpotentially be out of range. It may degrade both code size and performance, but the linker can generally optimize away the unnecessary overhead when a callends up within range. The default is --no-longcalls.",
    "--transform | --no-transform": "Enable or disable all assembler transformations of Xtensa instructions, including both relaxation and optimization. The default is --transform;--no-transform should only be used in the rare cases when the instructions must be exactly as specified in the assembly source. Using--no-transform causes out of range instruction operands to be errors.",
    "--rename-section": "Rename the oldname section to newname. This option can be used multiple times to rename multiple sections.",
    "-r800": "Assemble for R800 processor.",
    "-ignore-undocumented-instructions": "Assemble undocumented Z80 instructions that also work on R800 without warning.",
    "-ignore-unportable-instructions": "Assemble all undocumented Z80 instructions without warning.",
    "-warn-undocumented-instructions": "Issue a warning for undocumented Z80 instructions that also work on R800.",
    "-warn-unportable-instructions": "Issue a warning for undocumented Z80 instructions that do not work on R800.",
    "-forbid-undocumented-instructions": "Treat all undocumented instructions as errors.",
    "-forbid-unportable-instructions": "Treat undocumented Z80 instructions that do not work on R800 as errors."
}