{
    "-a": "Specifies that the input file specified is ASCII . This is the default behaviour.",
    "-A": "Specifies that messages in the output bin files should be in ASCII format.",
    "-b": "Specifies that bin filenames should have to be prefixed by the basename of the source file.",
    "-c": "Sets the customer bit in all message id's.",
    "-C": "Sets the default codepage to be used to convert input file to UTF16 . The default is ocdepage 1252.",
    "-d": "Outputs the constants in the header file in decimal. Default is using hexadecimal output.",
    "-e": "The extension for the header file. The default is .h extension.",
    "-F": "Specify the BFD format to use for a bin file as output. This is a BFD target name; you can use the --help option to seea list of supported targets. Normally windmc will use the default format, which is the first one listed by the --help option.",
    "-h": "The target directory of the generated header file. The default is the current directory.",
    "-H": "Displays a list of command line options and then exits.",
    "-m": "Instructs windmc to generate a warning if the length of any message exceeds the number specified.",
    "-n": "Terminate message text in bin files by zero. By default they are terminated by CR/LF .",
    "-o": "Not yet implemented. Instructs windmc to generate an OLE2 header file, using HRESULT definitions. Status codes areused if the flag is not specified.",
    "-O": "Sets the default codepage to be used to output text files. The default is ocdepage 1252.",
    "-r": "The target directory for the generated rc script and the generated bin files that the resource compiler script includes. The defaultis the current directory.",
    "-u": "Specifies that the input file is UTF16 .",
    "-U": "Specifies that messages in the output bin file should be in UTF16 format. This is the default behaviour.",
    "-v": "Enable verbose mode.",
    "-V": "Prints the version number for windmc.",
    "-x": "The path of the dbg C include file that maps message id's to the symbolic name. No such file is generated without specifying the switch."
}