{
    "-1": "Encode the whole CD in a single file. The resulting file uses the CD title for tagging. If the resulting format is a flac file with an embedded cuesheet,the file can be used as a source for creating other formats. Use -1 -o flac -a default,cue for obtaining such a file.",
    "-a [actions]": "Comma-delimited list of actions to perform. Can be one or more of: cddb, cue, read, normalize, encode, tag, move, replaygain, playlist, clean. Normalizeand encode imply read. Tag implies cddb, read, encode. Move implies cddb, read, encode, tag. Replaygain implies cddb, read, encode, tag and move. Playlistimplies cddb. The default is to do all actions except cue, normalize, replaygain and playlist.",
    "-b": "Enable batch mode normalization. See the BATCHNORM configuration variable.",
    "-B": "Disable batch mode replaygain. It processes file by file to add the replaygain information. See the NOBATCHREPLAYGAIN configuration variable.",
    "-c [filename]": "Specifies an additional configuration file to parse. Configuration options in this file override those in /etc/abcde.conf or$HOME/.abcde.conf.",
    "-C [discid]": "Allows you to resume a session for discid when you no longer have the CD available (abcde will automatically resume if you still have the CDin the drive). You must have already finished at least the read action during the previous session.",
    "-d [devicename | filename]": "CD-ROM block device that contains audio tracks to be read. Alternatively, a single-track flac file with embedded cuesheet.",
    "-D": "Capture debugging information (you'll want to redirect this - try 'abcde -D 2>logfile')",
    "-e": "Erase information about encoded tracks from the internal status file, to enable other encodings if the wav files have been kept.",
    "-f": "Force the removal of the temporary ABCDETEMPDIR directory, even when we have not finished. For example, one can read and encode several formats, including'.ogg', and later on execute a 'move' action with only one of the given formats. On a normal situation it would erase the rest of those encoded formats. Inthis case, abcde will refuse to execute such command, except if -f is used.",
    "-g": "Enable lame's --nogap option. See the NOGAP variable. WARNING: lame's --nogap disables the Xing mp3 tag. This tag is required for mp3 players to correctlydisplay track lengths when playing variable-bit-rate mp3 files.",
    "-h": "Get help information.",
    "-j [number]": "Start [number] encoder processes at once. Useful for SMP systems. Overrides the MAXPROCS configuration variable. Set it to 0 when using distmp3 toavoid local encoding processes.",
    "-k": "Keep the wav files after encoding.",
    "-l": "Use the low-diskspace algorithm. See the LOWDISK configuration variable.",
    "-L": "Use a local CDDB repository. See CDDBLOCALDIR variable.",
    "-m": "Create DOS-style playlists, modifying the resulting one by adding CRLF line endings. Some hardware players insist on having those to work.",
    "-n": "Do not query CDDB database. Create and use a template. Edit the template to provide song names, artist(s), ...",
    "-N": "Non interactive mode. Do not ask anything from the user. Just go ahead.",
    "-o [filetype][:filetypeoptions]": "Select output type. Can be vorbis (or ogg), mp3, flac, spx, mpc, m4a or wav. Specify a comma-delimited list of output types to obtain allspecified types. See the OUTPUTTYPE configuration variable. One can pass options to the encoder for a specific filetype on the command line separating themwith a colon. The options must be escaped with double-quotes.",
    "-p": "Pads track numbers with 0's.",
    "-P": "Use Unix PIPES to read and encode in one step. It disables multiple encodings, since the WAV audio file is never stored in the disc.",
    "-q [quality]": "Use a pre-defined quality level for the encoding process. Defined as low, medium or high. The medium value is used to reset the default values if otherare used in the config file(s).",
    "-r [hosts...]": "Remote encode on this comma-delimited list of machines using distmp3. See the REMOTEHOSTS configuration variable.",
    "-s [fields...]": "List, separated by commas, the fields to be shown in the CDDB parsed entries. Right now it only uses year and genre.",
    "-S [speed]": "Set the speed of the CD drive. Needs CDSPEED and CDSPEEDOPTS set properly and both the program and device must support the capability.",
    "-t [number]": "Start the numbering of the tracks at a given number. It only affects the filenames and the playlist. Internal (tag) numbering remains the same.",
    "-T [number]": "Same as -t but changes also the internal (tag) numbering. Keep in mind that the default TRACK tag for MP3 is $T/$TRACKS so it is changed to simply $T.",
    "-U": "Set CDDBPROTO to version 5, so that we retrieve ISO-8859-15 encoded CDDB information, and we tag and add comments with Latin1 encoding.",
    "-v": "Show the version and exit",
    "-V": "Be more verbose. On slow networks the CDDB requests might give the sensation nothing is happening. Add this more than once to make things even moreverbose.",
    "-x": "Eject the CD when all tracks have been read. See the EJECTCD configuration variable.",
    "-X [cue2discid]": "Use an alternative cue2discid implementation. The name of the binary must be exactly that. abcde comes with an implementation in python under theexamples directory. The special keyword builtin forces the usage of the internal (default) implementation in shell script.",
    "-w [comment]": "Add a comment to the tracks ripped from the CD.",
    "-W [number]": "Concatenate CD's. It uses the number provided to define a comment CD # and to modify the numbering of the tracks, starting with #01. For Ogg/Vorbis andFLAC files, it also defines a DISCNUMBER tag.",
    "-z": "DEBUG mode: it will rip, using cdparanoia, the very first second of each track and proceed with the actions requested very quickly, also providingsome hidden information about what happens on the background. CAUTION: IT WILL ERASE ANY EXISTING RIPS WITHOUT WARNING!"
}