{
    "-E": "Execute the specified plugin instead of the main application.",
    "--import-extension=": "Import the given file as if it had extension EXT, overriding automatic file type detection.",
    "-u": "Use PROFILE instead of the default ~/.AbiSuite/AbiWord.Profile to read and store settings.",
    "-t": "Convert the given files(s) to the given format. Unless explicitly specified with --to-name, the original filename will be used (with a differentextension, if necessary). See also EXAMPLES.The more popular values for FORMAT include:",
    "--to-name=": "Only useful in conjunction with --to=FORMAT. Specifies where the converted document shall be written to.",
    "--verbose=": "Set level of verbosity [0-2], 2 giving the most detailed output.",
    "-h, --help": "Display a short help message and exit.",
    "--version": "Report the version of AbiWord."
}