{
    "-C --config": "Use an alternative configuration file (default is $HOME/.abook/abookrc).",
    "--datafile": "Use an alternative addressbook file (default is $HOME/.abook/addressbook).",
    "--mutt-query": "Make a query for mutt (search the addressbook for <string>).The --datafile option, as documented above, may be used BEFORE this option to search a different addressbook file.",
    "--convert": "Converts <inputfile> in <inputformat> to <outputfile> in <outputformat> (defaults are abook,stdin, text and stdout).The following inputformats are supported:- abook abook native format- ldif ldif / Netscape addressbook- mutt mutt alias- pine pine addressbook- csv comma separated values- palmcsv Palm comma separated valuesThe following outputformats are supported:- abook abook native format- ldif ldif / Netscape addressbook (.4ld)- mutt mutt alias- html html document- pine pine addressbook- gcrd GnomeCard (VCard) addressbook- csv comma separated values- palmcsv Palm comma separated values- elm elm alias- text plain text- spruce Spruce address book- wl Wanderlust address book- bsdcal BSD calendar",
    "--add-email": "Read an e-mail message from stdin and add the sender to the addressbook.",
    "--add-email-quiet": "Same as --add-email but doesn't confirm adding.",
    "--formats": "List available formats."
}