{
    "-l, --list": "List files in archive. This option is automatically assumed when als is executed.",
    "-x, --extract": "Extract files from archive. This option is automatically assumed when aunpack is executed.",
    "-X, --extract-to=PATH": "Extract files from archive to the specified directory. When unpacking compressed files, PATH may refer to either a filename or an existing directory.",
    "-a, --add": "Create archive. This option is automatically assumed when apack is executed.",
    "-c, --cat": "Extract a file from archive to standard out (displaying it on screen). This option is automatically assumed when acat is executed.",
    "-d, --diff": "Extract two archives and use diff(1) to generate differencies between them. This option is automatically assumed when adiff is executed.",
    "-e, --each": "For each argument, execute the specified command. This can be used to quickly extract, list or create multiple archives (see EXAMPLES below). Thisoption can not be used with the cat command.",
    "-F, --format=EXTENSION": "Specify archive format manually (see ARCHIVE TYPES below).",
    "-S, --simulate": "Run atool in simulation mode. No changes to the filesystem (i.e. writes) will be made, and all commands that would be executed are displayed instead. Thisoption can't be combined with --explain (since it implies that already).Note that it is not guaranteed that the commands printed in simulation mode will be the same as those executed in non- simulation mode. This is because someoperations depend on what files archives contain, and atool can at this time only determine that by extracting archives.",
    "-E, --explain": "Display commands executed by atool. This option can't be combined with --simulate.",
    "-p, --page": "Run output through a pager, usually pager unless the environment variable PAGER is set.",
    "-f, --force": "When extracting from files, allow overwriting of local files. When creating an archive, allow the archive file to be overwritten if it already exists. Notethat it is possible to add files to existing RAR and Zip archives (this is not possible for many other formats).",
    "-D, --subdir": "When extracting archives, always create a new directory for the archive even if the archive only contains one file in its root directory.",
    "-0, --null": "If no file arguments are specified when creating or adding files to archives, the list of files will be read from standard in. Normally these filenames areseparated by newline, but with this option they are separated by null-bytes. This is useful with the GNU find -print0 option.",
    "-q, --quiet": "Decrease verbosity level by one. This is subtracted from the default verbosity level, or the level specified with --verbosity. This option may bespecified more than once to make atool even less verbose.",
    "-v, --verbose": "Increase verbosity level by one. This is added to the default verbosity level, or the level specified with --verbosity. This option may be specifiedmore than once to make atool even more verbose.",
    "-V, --verbosity=LEVEL": "Specify verbosity level. The default level is 1, which means normal verbosity - e.g. when creating and extracting from archives, files will be listed.",
    "--config=FILE": "Load configuration from the specified file. When using this option, the system-wide and user-wide configuration files will not be loaded. If the specifiedfile does not exist or can not be read, atool will terminate with an error message.",
    "-o, --option=KEY=VALUE": "Override a configuration option. These are applied after reading the configuration files.You can specify this multiple times to override different options.",
    "-O, --format-option=OPTION": "Send additional options to the archiver command. This can be useful when specifying compression options for some archives, e.g.apack -F7z -O-mx=9 archive.7z dirYou can specify this multiple times add different options.",
    "--save-outdir=FILE": "When extracting files, save the name of the directory which the archive was extracted to to the specified file. If the command was not 'extract', or thearchive was not extracted to a new directory, then nothing will be written to the specified file. If multiple archives were specified (with -e), then only thelast directory that files were extracted to will be written to FILE.This option is used internally (see EXAMPLES below).",
    "--help": "Show summary of options.",
    "--version": "Output version information and exit."
}