{
    "--acdir": "directory holding config files (for debugging)",
    "--diff": "run COMMAND [diff -u] on M4 files that would be changed (implies --install and --dry-run)",
    "--dry-run": "pretend to, but do not actually update any file",
    "--force": "always update output file",
    "--help": "print this help, then exit",
    "-I": "add directory to search list for .m4 files",
    "--install": "copy third-party files to the first -I directory",
    "--output": "put output in FILE (default aclocal.m4)",
    "--print-ac-dir": "print name of directory holding m4 files, then exit",
    "--verbose": "don't be silent",
    "--version": "print version number, then exit",
    "-W": "report the warnings falling in CATEGORY"
}