{
    "-d, --disconnect": "Disconnect the given subscription.",
    "-e, --exclusive": "Connect ports with exclusive mode. Both sender and receiver ports can be no longer connected by any other ports.",
    "-r, --real queue": "Convert time-stamps of event packets to the current value of the given real-time queue. This is option is, however, not so useful, since thereceiver port must use (not necessarily own) the specified queue.",
    "-t, --tick queue": "Like -r option, but time-stamps are converted to the current value of the given tick queue.",
    "-i, --input": "List existing input (readable) ports. This option is exclusive to -o.",
    "-o, --output": "List existing output (writable) ports. This option is exclusive to -i.",
    "-l, --list": "List the current connection status. The connected and connecting ports from/to each port are listed together. The suffix flag [ex] means theconnection is exclusive. The suffix flag [real:#] and [tick:#] mean the connection includes real-time and tick conversion on the listed queue,respectively.",
    "-x, --removeall": "Remove all exported connections."
}