{
    "-a, --ac_adapter": "Show AC adapter presence",
    "-A": "Show supported Asus ACPI extensions (LCD brightness level, video out routing DSDT/acpi4asus info)",
    "-b": "Show battery status information, available batteries only.",
    "-B, --battery": "Show detailed battery status information, for all battery entries found.",
    "-c, --cpu": "Show CPU information (type, speed, PM capabilities, throttling states, c-state usage, frequency scaling).",
    "-e": "Show just about everything : more info on the batteries, ACPI version, kernel version, CPU, . . .",
    "-f, --fan": "Show fan status (shows fan info specific to Toshiba or IBM Thinkpad, if applicable).",
    "-F x": "Force the fan on (x=1) or switch back to auto mode (x=0). Works only on Toshiba laptops. The fan is switched off ONLY if it was forced on first, not if itwas switched on automatically. Requires write access to /proc/acpi/toshiba/fan",
    "-h, --help": "Show help text.",
    "-j": "Eject Thinkpad ultrabay device. Requires write acces to /proc/acpi/ibm/bay",
    "-l x": "Set LCD brightness level to x, where x is in the range 0..7. Works only on Toshiba and IBM Thinkpad laptops. Requires write access to/proc/acpi/tochiba/lcd or /proc/acpi/ibm/brightnessIllegal values for x will result in the value being set to either 0 or 7.",
    "-m x": "Switch the mail led on (x=1) or off (x=0). Works only on Asus laptops. Requires write access to /proc/acpi/asus/mled",
    "-n x": "Switch the wireless led on (x=1) or off (x=0). Works only on Asus laptops. Requires write access to /proc/acpi/asus/wled",
    "-o x": "Switch the LCD panel on (x=1) or off (x=0). Works only on Asus laptops. Requires write access to /proc/acpi/asus/lcd",
    "-s, --suspend to memory": "Put the machine into sleep state S3, if possible. Requires write access to /proc/acpi/sleep (kernel 2.4.x) or /sys/power/state (kernel 2.6.x)",
    "-S, --suspend to disk ?": "Put the machine into sleep state S4, if possible. Requires write access to /proc/acpi/sleep (kernel 2.4.x) or /sys/power/state (kernel 2.6.x)",
    "-t, --thermal": "Show thermal zone(s) information, including trip_points.",
    "-T, --Toshiba": "Show supported Toshiba ACPI extensions, currently being LCD brightness level, video out routing (what display is the video chip sending to) and fan status(on/off, forced or not).",
    "-v": "Show more verbose output when something is not found. Makes sense only when used together with other options.",
    "-V, --version": "Show acpitool version number and release date, then exit.",
    "-w": "Show the wakeup capable devices. (Available since ACPI 20040715, check your version).",
    "-W x": "Enable/disable wakeup capable device x. Run 'acpitool -w' to see valid numbers for x. Requires write access to /proc/acpi/wakeup",
    "-z x": "Set Asus LCD brightness level to x, where x is 0..15. Works only on Asus laptops. Requires write access to /proc/acpi/asus/brn"
}