{
    "-C": "This option changes the maximum number of non-root socket connections which can be made to the acpid socket. Default is 256.",
    "-d": "This option changes the event file from which acpid reads events. Default is /proc/acpi/event.",
    "-f": "This option keeps acpid in the foreground by not forking at startup.",
    "-l": "This option tells acpid to log information about all events and actions.",
    "-L": "This option changes the lock file used to stop event processing. Default is /var/lock/acpid.",
    "-g": "This option changes the group ownership of the UNIX domain socket to which acpid publishes events.",
    "-m": "This option changes the permissions of the UNIX domain socket to which acpid publishes events. Default is 0666.",
    "-s": "This option changes the name of the UNIX domain socket which acpid opens. Default is /var/run/acpid.socket.",
    "-S": "This option tells acpid not to open a UNIX domain socket. This overrides the -s option, and negates all other socket options.",
    "-p": "This option tells acpid to use the specified file as its pidfile. If the file exists, it will be removed and over-written. Default is/var/run/acpid.pid.",
    "-v": "Print version information and exit."
}