{
    "-A": "This flag causes actsync(8) to ignore newsgroups with ''bork.bork.bork'' style names. That is, newsgroups whose last 3 components are identical. Forexample, the following newsgroups have bork style names:alt.helms.dork.dork.dorkalt.auto.accident.sue.sue.suealt.election.vote.vote.voteThe value hostid determines on which hosts this action is performed:0neither host1local default server2remove server12both servers21both serversThe default is -b 0; no newsgroups are ignored because of bork-style names.",
    "-d": "This flag causes actsync(8) to ignore newsgroups that have all numeric path components. The hostid value is interpreted the same as in-b. For example, the following newsgroups have numeric path components:alt.prime.chongo.23209391581.times.2.to_the.216193.power.-199.bottles.of.treacle.on.the.walllinfield.class.envio_bio.101.dThe newsgroups directory of a newsgroups with a all numeric component could conflict with an article from another group if stored using the ''tradspool''storage method; see storage.conf(5). For example, the directory for the first newsgroup listed above is the same path as article number 23209 from thenewsgroup:alt.prime.chongoThe default is -d 0; all numeric newsgroups from both hosts will be processed.",
    "-g": "alt.feinstien.votes.to.trash.freedom.of.speechalt.senator.exon.enemy.of.the.internetalt.crypto.export.laws.dumb.dumb.dumbbut would not ignore:alt.feinstien.acts.like.a.republicanalt.exon.amendmentalt.crypto.export.lawsIf max is 0, then the max level feature is disabled.By default, the max level feature is disabled.",
    "-i": "The ignore_file , usually <pathetc in inn.conf>/actsync.ign , allows one to have a fine degree of control over which newsgroups areignored. It contains a set of rules that specifies which newsgroups will be checked and which will be ignored.By default, these rules apply to both hosts. This can be modified by using the -I hostid flag.By default, all newsgroups are checked. If no ignore_file if specified, or if the ignore file contains no rule lines, all newsgroups will be checked.Blank lines and text after a ''#'' are considered comments and are ignored.Rule lines consist of tokens separated by whitespace. Rule lines may be one of two forms:cnewsgroup[type ...]inewsgroup[type ...]If the rule begins with a c then the rule requests certain newsgroups to be checked. If the rule begins with an i then the rule requestscertain newsgroups to be ignored. The newsgroup field may be a specific newsgroup, or a uwildmat(3) pattern.If one or more types are specified, then the rule applies to the newsgroup only if is of the specified type. Types refer to the 4th field of theactive file; that is, a type may be one of:ynmjx=group.nameUnlike active files, the group.name in an alias type may be a newsgroup name or a uwildmat(3) pattern. Also, ''='' is equivalent to''=*''.On each rule line, no pattern type may not be repeated. For example, one may not have more than one type that begins with ''='', per line. However,one may achieve an effect equivalent to using multiple ''='' types by using multiple rule lines affecting the same newsgroup.By default, all newsgroups are candidates to be checked. If an ignore file is used, each newsgroup in turn is checked against the ignore file. If multiplelines match a given newsgroup, the last line in the ignore file is used.For example, consider the following ignore file lines:i *.generalc *.general mi nsa.generalThe newsgroups ba.general and mod.general would be synchronized if moderated and ignored if not moderated. The newsgroup nsa.generalwould be ignored regardless of moderation status. All newsgroups not matching *.general would be synchronized by default.",
    "-I": "This flag restricts which hosts are affected by the ignore file. The hostid value is interpreted the same as in -b described above.This flag may be useful in conjunction with the -m merge flag. For example:actsync -i actsync.ign -I 2 -m host1 host2will keep all newsgroups currently on host1 . It will also will only compare host1 groups with non-ignored newsgroups from host2 .The default is -I 12, newsgroups from both hosts to be ignored per the -i actsync.ign file.",
    "-k": "This flag causes ''problem newsgroups'' of type ''='' from host1 or host2 to be considered as errors. The hostid value isinterpreted the same as in -b. Newsgroups of type ''='' are newsgroups active entries that have 4th field that begins with ''='', i.e.newsgroups that are equivalent to other newsgroups. A ''problem'' newsgroup is one which is:*  equivalent to itself*  in an equivalence chain that loops around   to itself*  in an equivalence chain longer than 16 groups*  equivalent to a non-existant newsgroup*  equivalent to a newsgroup that has an error   of some kindHowever, a newsgroup that is equivalent to an ignored newsgroup is not a problem.By default, problem newsgroups from both hosts are marked as errors.",
    "-m": "The ctlinnd(8) command is used to create newsgroups as necessary. By default, the creator name used is actsync. This flag changes the creatorname to name.",
    "-o fmt": "Determine the output / action format of this utility. The fmt may one of:aoutput in active(5) formata1output in active(5) format,and output host1 non-error ignored groupsakoutput in active(5) format, but use host2hi & low (2nd & 3rd active fields) valuesfor any newsgroup being createdaKoutput in active(5) format, but use host2hi & low (2nd & 3rd active fields) valuesfor all newsgroups found in host2a1koutput in active(5) format, but use host2hi & low (2nd & 3rd active fields) valuesfor any newsgroup being created,and output host1 non-error ignored groupsa1Koutput in active(5) format, but use host2hi & low (2nd & 3rd active fields) valuesfor all newsgroups found in host2,and output host1 non-error ignored groupsak1same as a1kaK1same as a1Kcoutput in ctlinnd(8) formatxno output, directly exec ctlinnd(8) commandsxino output, directly exec ctlinnd(8) commands,in an interactive modeThe a, a1, ak, aK, a1k, a1K, ak1 and aK1 style formats allow one to form a new active file insteadof producing ctlinnd(8) commands. They use hi & low values of 0000000000 and 0000000001 respectively for newsgroups that are created.The ak and aK variants change the the hi & low (2nd & 3rd active fields). In the case of ak, newsgroups created take their hi& low values from host2. In the case of aK, all newsgroups found on host2 take their hi & low values from host2.The c format produces ctlinnd(8) commands. No actions are taken because actsync(8) simply prints ctlinnd(8) commands on standardoutput. The sync (or merge) with host2 may be accomplished by piping this output into sh(1). A paranoid person might prefer to use x orxi in case a newsgroup name or type contains bogus characters that might be interpreted by sh(1). Even so, this output format is useful to letyou see how host1 will be affected by the sync (or merge) with host2.The sync (or merge) may be accomplished directly by use of the x format. With this format, actsync(8) uses the execl(2) system call todirectly execute ctlinnd(8) commands. Because of the exec, there is no risk of bogus newsgroups containing bogus characters causing a shell to do bogus(or dangerous) things. The output of such exec calls may be seen if the verbosity level is at least 2.The actsync(8) utility will pause for 4 seconds before each command is executed if -o x is selected. See the -z sec flagbelow for discussion of this delay and how to customize it.The xi format interactively prompts on standard output and reads directives on standard input. One may pick and choose changes using this format.Care should be taken when producing active(5) formatted output. One should check to be sure that actsync(8) exited with a zero status prior tousing such output. Also one should realize that such output will not contain lines ignored due to -i ignore_file even if -p 100 isused.By default, -o c is assumed.",
    "-p": "By default, the actsync(8) utility has safeguards against performing massive changes. If fewer than min_%_unchg percent of the non-ignoredlines from host1 remain unchanged, no actions (output, execution, etc.) are performed and actsync(8) exits with a non-zero exit status. Themin_%_unchg may be a floating point value such as 66.667.A change is considered a host1 line that was removed, added, changed, or found to be in error. Changing the 2nd or 3rd active fields via-oak or -o aK are not considered changes by -p.To force actsync(8) to accept any amount of change, use the -p 0 option. To force actsync(8) to reject any changes, use the-p 100 option.Care should be taken when producing active(5)-formatted output; be sure to check that actsync(8) exited with a zero status prior to using suchoutput. Also one should realize that such output will not contain lines ignored by the -i ignore_file process even if -p 100 isused.By default, 96% of the lines not ignored in host1 must be unchanged. That is, by default, -p 96 is assumed.",
    "-q": "By default, all newsgroup errors are reported on standard error. This flag quiets errors from host1 or host2. The hostid value isinterpreted the same as in -b.",
    "-s": "If size > 0, then ignore newsgroups with names longer than size, and ignore newsgroups equivalent (by following ''='' chains) tonames longer than size. Length checking is performed on both the local and remote hosts.By default, size is 0 and thus no length checking is performed.",
    "-t": "Ignore improper newsgroups consisting of only a top component from host1 or host2. The hostid value is interpreted the same as in-b. The following newsgroups are considered proper newsgroups despite top only names and therefore are exempt from this flag:controlgeneraljunktesttoFor example, the following newsgroup names are improper because they only contain a top level component:dole_for_presdosmicrosoftwindows95The default is -t 2, that is, all improper top-level-only newsgroups from the remote are ignored.",
    "-T": "By default, actsync(8) is not verbose. This flag controls the verbosity level as follows:0no debug or status reports (default)1print summary,but only if work was needed or done2print actions, exec output, and summary,but only if work was needed or done3print actions, exec output, and summary4full debug output"
}