{
    "-R": "If source_file designates a directory, cp copies the directory and the entire subtree connected at that point.If the source_file ends in a /, the contentsof the directory are copied rather than the directory itself.",
    "-l": "Long output, list AFP info",
    "-u": "List UNIX info",
    "-f": "For each existing destination pathname, remove it and create a new file, without prompting for confirmation regardless of its permis- sions. (The -f optionoverrides any previous -i or -n options.)",
    "-i": "Cause mv to write a prompt to standard error before moving a file that would overwrite an existing file. If the response from the standard input begins withthe character 'y' or 'Y', the move is attempted. (The -i option overrides any previous -f or -n options.)",
    "-n": "Do not overwrite an existing file. (The -n option overrides any previous -f or -i options.)",
    "-p": "Cause cp to preserve the following attributes of each source file in the copy: modification time, access time, file flags, file mode, user ID, and group ID,as allowed by permissions. If the user ID and group ID cannot be preserved, no error message is displayed and the exit value is not altered.",
    "-v": "Be verbose when deleting files, showing them as they are removed.",
    "-x": "File system mount points are not traversed."
}