{
    "--detailed": "Print a more detailed summary. Requires option -s and is meaningless in report context.",
    "-h, --help": "Prints help.",
    "--in-interface <interface>": "Analyze only packets received from interface <interface>.",
    "--out-interface <interface>": "Analyze only packets transmitted through interface <interface>.",
    "--prefix <prefix>": "Filter log entries on user defined prefix basis. <prefix> must exactly matches the prefix associated with the log entry; match is case sensitive.",
    "--protocol <protocol>": "Filter log entries on a protocol basis. Legal values are tcp, udp, icmp.",
    "-r, --report <report>": "Prints the specific report. See section AVAILABLE REPORTS below for a list of legal values for this option.",
    "-s, --summary <summary>": "Prints the specific summary. See section AVAILABLE SUMMARIES below for a list of legal values for this option.",
    "--service <port num>": "Analyze only entries with <service> as destination port.",
    "--source-host <host>": "Analyze only entries with <host> as source host. Host must be specified in xxx.xxx.xxx.xxx format.",
    "--version": "Prints version number."
}