{
    "-b": "Specify that the object-code format for the object files is bfdname.",
    "-C": "Decode (demangle) low-level symbol names into user-level names. Besides removing any initial underscore prepended by the system, this makes C++ function names readable. Different compilers have different mangling styles. The optional demangling style argument can be used to choose anappropriate demangling style for your compiler.",
    "-e": "Specify the name of the executable for which addresses should be translated. The default file is a.out.",
    "-f": "Display function names as well as file and line number information.",
    "-s": "Display only the base of each file name.",
    "-i": "If the address belongs to a function that was inlined, the source information for all enclosing scopes back to the first non-inlined function will also beprinted. For example, if main inlines callee1 which inlines callee2, and address is from callee2, the sourceinformation for callee1 and main will also be printed.",
    "-j": "Read offsets relative to the specified section instead of absolute addresses."
}