{
    "-6": "Only try to perform IPv6 lookups.",
    "-c": "Only lookup and print results for address families that match locally configured addresses (If the system has no IPv4 resp IPv6 address, then IPv4 resp IPv6addresses are ignored).",
    "-h": "Display some help and exit.",
    "-m": "Normally, if a name yields multiple results, only the first one is printed. With this optional parameter, all results will be printed on a single line,separated by spaces.",
    "-n": "Prevent forward hostname lookup. This ensures that the input names are numeric addresses, which do not need to be looked up. Typically used along with the--reverse option to convert numerical addresses to canonical hostnames.",
    "-r": "Perform a reverse DNS lookup (enabled implicitly with addr2name). addr2name prints numerical resolved addresses by default instead.",
    "--version": "Display program version and license and exit."
}