{
    "-c": "Any text string. It is generally a short description of the login, and is currently used as the field for the user's full name.",
    "-d": "The new user will be created using HOME_DIR as the value for the user's login directory. The default is to append the LOGIN name toBASE_DIR and use that as the login directory name. The directory HOME_DIR does not have to exist but will not be created if it ismissing.",
    "-D": "See below, the subsection Changing the default values.",
    "-e": "The date on which the user account is disabled.This option sets the EXPIRE variable in /etc/default/useradd.",
    "-f": "The number of days after a password has expired before the account will be disabled.This option sets the INACTIVE variable in /etc/default/useradd.",
    "-g": "The group name or ID for a new user's initial group (when the -N/--no-user-group is used or when the USERGROUPS_ENAB variable is set tono in /etc/login.defs. The named group must exist, and a numerical group ID must have an existing entry.This option sets the GROUP variable in /etc/default/useradd.",
    "-G": "A list of supplementary groups which the user is also a member of. Each group is separated from the next by a comma, with no intervening whitespace. Thegroups are subject to the same restrictions as the group given with the -g option. The default is for the user to belong only to the initialgroup.",
    "-h": "Display help message and exit.",
    "-k": "The skeleton directory, which contains files and directories to be copied in the user's home directory, when the home directory is created byuseradd.This option is only valid if the -m (or --create-home) option is specified.If this option is not set, the skeleton directory is defined by the SKEL variable in /etc/default/useradd or, by default, /etc/skel.",
    "-K": "Overrides /etc/login.defs defaults (UID_MIN, UID_MAX, UMASK, PASS_MAX_DAYS and others).Example: -K PASS_MAX_DAYS=-1 can be used when creating system account to turn off password ageing, even though system account has nopassword at all. Multiple -K options can be specified, e.g.: -K UID_MIN=100 -K UID_MAX=499Note: -K UID_MIN=10,UID_MAX=499 doesn't work yet.",
    "-l": "Do not add the user to the lastlog and faillog databases.By default, the user's entries in the lastlog and faillog databases are resetted to avoid reusing the entry from a previously deleted user.",
    "-m": "Create the user's home directory if it does not exist. The files and directories contained in the skeleton directory (which can be defined with the-k option) will be copied to the home directory.useradd will create the home directory unless CREATE_HOME in /etc/login.defs is set to no.",
    "-M": "Do not create the user's home directory, even if the system wide setting from /etc/login.defs (CREATE_HOME) is set to yes.",
    "-N": "Do not create a group with the same name as the user, but add the user to the group specified by the -g option or by the GROUP variable in/etc/default/useradd.The default behavior (if the -g, -N, and -U options are not specified) is defined by the USERGROUPS_ENAB variable in/etc/login.defs.",
    "-o": "Allow the creation of a user account with a duplicate (non-unique) UID.This option is only valid in combination with the -o option.",
    "-p": "The encrypted password, as returned by crypt(3). The default is to disable the password.Note: This option is not recommended because the password (or encrypted password) will be visible by users listing the processes.You should make sure the password respects the system's password policy.",
    "-r": "Create a system account.System users will be created with no aging information in /etc/shadow, and their numeric identifiers are choosen in theSYS_UID_MIN-SYS_UID_MAX range, defined in /etc/login.defs, instead of UID_MIN-UID_MAX (and their GID counterparts for thecreation of groups).Note that useradd will not create a home directory for such an user, regardless of the default setting in /etc/login.defs (CREATE_HOME). Youhave to specify the -m options if you want a home directory for a system account to be created.",
    "-s": "The name of a new user's login shell.This option sets the SHELL variable in /etc/default/useradd.",
    "-u": "The numerical value of the user's ID. This value must be unique, unless the -o option is used. The value must be non-negative. The default is to usethe smallest ID value greater than 999 and greater than every other user. Values between 0 and 999 are typically reserved for system accounts.",
    "-U": "Create a group with the same name as the user, and add the user to this group.The default behavior (if the -g, -N, and -U options are not specified) is defined by the USERGROUPS_ENAB variable in/etc/login.defs.",
    "-Z": "The SELinux user for the user's login. The default is to leave this field blank, which causes the system to select the default SELinux user."
}