{
    "-p": "Print the current values of the kernel time variables. NOTE: The time is raw, and may be off by up to one timer tick (10 msec). status gives the valueof the time_status variable in the kernel. For Linux 1.0 and 1.2 kernels, the value is as follows:0   clock is synchronized (so the kernel should    periodically set the CMOS clock to match the    system clock)1   inserting a leap second at midnight2   deleting a leap second at midnight3   leap second in progress4   leap second has occurred5   clock not externally synchronized (so the    kernel should leave the CMOS clock alone)For Linux 2.0 kernels, the value is a sum of these:   1   PLL updates enabled   2   PPS freq discipline enabled   4   PPS time discipline enabled   8   frequency-lock mode enabled  16   inserting leap second  32   deleting leap second  64   clock unsynchronized 128   holding frequency 256   PPS signal present 512   PPS signal jitter exceeded1024   PPS signal wander exceeded2048   PPS signal calibration error4096   clock hardware fault",
    "-t": "Set the number of microseconds that should be added to the system time for each kernel tick interrupt. For a kernel with USER_HZ=100, there are supposed tobe 100 ticks per second, so val should be close to 10000. Increasing val by 1 speeds up the system clock by about 100 ppm, or 8.64 sec/day.tick must be in the range 900000/USER_HZ...1100000/USER_HZ. If val is rejected by the kernel, adjtimex will determine the acceptable rangethrough trial and error and print it. (After completing the search, it will restore the original value.)",
    "-f": "Set the system clock frequency offset to newfreq. newfreq can be negative or positive, and gives a much finer adjustment than the--tick switch. When USER_HZ=100, the value is scaled such that newfreq = 65536 speeds up the system clock by about 1 ppm, or .0864 sec/day. Thus,all of these are about the same:     --tick  9995 --frequency  32768000     --tick 10000 --frequency   6553600     --tick 10001 --frequency         0     --tick 10002 --frequency  -6553600     --tick 10005 --frequency -32768000To see the acceptable range for newfreq, use --print and look at tolerance, or try an illegal value (e.g. --tick 0).",
    "-s": "Slew the system clock by adj usec. (Its rate is changed temporarily by about 1 part in 2000.)",
    "-o": "Add a time offset of adj usec. The kernel code adjusts the time gradually by adj, notes how long it has been since the last time offset, andthen adjusts the frequency offset to correct for the apparent drift. adj must be in the range -512000...512000.",
    "-S": "Set kernel system clock status register to value status. Look here above at the --print switch section for the meaning of status,depending on your kernel.",
    "-R": "Reset clock status after setting a clock parameter. For early Linux kernels, using the adjtimex(2) system call to set any time parameter the kernel thinkthe clock is synchronized with an external time source, so it sets the kernel variable time_status to TIME_OK. Thereafter, at 11 minute intervals, it willadjust the CMOS clock to match. We prevent this eleven minute mode by setting the clock, because that has the side effect of resetting time_status toTIME_BAD. We try not to actually change the clock setting. Kernel versions 2.0.40 and later apparently don't need this. If your kernel does require it, usethis option with: -t -T -t -e -m -f -s -o -c -r.",
    "-m": "Set maximum error (usec).",
    "-e": "Set estimated error (usec). The maximum and estimated error are not used by the kernel. They are merely made available to user processes via theadjtimex(2) system call.",
    "-T": "Set phase locked loop (PLL) time constant. val determines the bandwidth or stiffness of the PLL. The effective PLL time constant will be a multipleof (1 << val). For room-temperature quartz oscillators, David Mills recommends the value 2, which corresponds to a PLL time constant of about 900sec and a maximum update interval of about 64 sec. The maximum update interval scales directly with the time constant, so that at the maximum time constant of6, the update interval can be as large as 1024 sec.Values of val between zero and 2 give quick convergence; values between 2 and 6 can be used to reduce network load, but at a modest cost inaccuracy.",
    "-c": "Periodically compare the system clock with the CMOS clock. After the first two calls, print values for tick and frequency offset that would bring the systemclock into approximate agreement with the CMOS clock. CMOS clock readings are adjusted for systematic drift using using the correction in /etc/adjtime -see hwclock(8). The interval between comparisons is 10 seconds, unless changed by the --interval switch. The optional argument is the number ofcomparisons. (If the argument is supplied, the = is required.)",
    "-a": "By itself, same as --compare, except the recommended values are actually installed after every third comparison. With --review, the tick andfrequency are set to the least-squares estimates. (In the latter case, any count value is ignored.)",
    "-i": "Set the interval in seconds between clock comparisons for the --compare and --adjust options.",
    "-u": "The CMOS clock is set to UTC (universal time) rather than local time.",
    "-l": "Save the current values of the system and CMOS clocks, and optionally a reference time, to file (default /var/log/clocks.log). The referencetime is taken from a network timeserver (see the --host switch) or supplied by the user (see the --watch switch).",
    "-h": "Print the program options.",
    "-w": "Ask for a keypress when the user knows the time, then ask what that time was, and its approximate accuracy. Implies --log.",
    "-r": "Review the clock log file (default /var/log/clocks.log) and estimate, if possible, the rates of the CMOS and system clocks. Calculateleast-squares rates using all suitable log entries. Suggest corrections to adjust for systematic drift. With --adjust, the frequency and tick are set tothe suggested values. (The CMOS clock correction is not changed.)",
    "-v": "Print the program version."
}