{
    "-D": "predefine NAME as a macro, with definition DEFINITION",
    "-I": "Add directory DIR to search path for header files",
    "-x": "ignore file .adms.implicit.xml",
    "-xv": "do not check version number of scripts",
    "-i": "miscellaneous info (release, web site, mailing list)",
    "-v": "version number",
    "-h": "short help",
    "- adms_info=\"yes\"|\"no\"": "print info [default=yes]",
    "- adms_usage=\"yes\"|\"no\"": "print usage [default=yes]",
    "- adms_verbose=\"yes\"|\"no\"": "print messages [default=no]",
    "- adms_debug=\"yes\"|\"no\"": "print more messages [default=no]",
    "- adms_dbg_vla=\"yes\"|\"no\"": "debug messages during vla parsing [default=no]",
    "- adms_dbg_xml=\"yes\"|\"no\"": "debug messages during xml parsing [default=no]",
    "- adms_dbg_pre=\"yes\"|\"no\"": "debug messages during vla preprocessing [default=no]"
}