{
    "-0, --shrink-store": "Disable the compression. The file is only stored and not compressed. The file is always rewritten also if it's bigger.",
    "-1, --shrink-fast": "Set the compression level to fast.",
    "-2, --shrink-normal": "Set the compression level to normal. This is the default level of compression.",
    "-3, --shrink-extra": "Set the compression level to extra.",
    "-4, --shrink-insane": "Set the compression level to insane. It's VERY SLOW.",
    "-f, --force": "Force the use of the new file also if it's bigger."
}