{
    "-z, --recompress FILES...": "Recompress the specified files. If the -1, -2, -3 options are specified, it's used the smallest file choice from the previous compressed data and the newcompression. If the -0 option is specified the file is always rewritten without any compression.",
    "-x, --extract FILES...": "Extract all the .png frames in the .mng clips. You can use the --shrink options to control the compression ratio of the .png files. The extracted images arealways 24 bit images with alpha channel. You can remove the alpha channel with the -n option.",
    "-a, --add RATE MNG_FILE PNG_FILES...": "Compress all the .png files on the command line as a .mng file. All the .png files must have the same size and the same bit depth. You must also specify aninteger frame rate to use in the",
    "-1, --shrink-fast": "Set the compression level to fast.",
    "-2, --shrink-normal": "Set the compression level to normal. This is the default level of compression.",
    "-3, --shrink-extra": "Set the compression level to extra.",
    "-4, --shrink-insane": "Set the compression level to insane. It's VERY SLOW.",
    "-s, --scroll HxV": "The -s HxV option specifies the size of the pattern (H width x V height) used to check for a scrolling background. The size is expressed in pixels and itmust be bigger or equal than the scrolling speed of the background. For example take the game 1942 that scrolls vertically by 1 pixel every frame. If yourecorded with an interleave factor of 2 the vertical scrolling speed is 1*2 = 2. In this case the minimum pattern is -s 0x2. Generally you can use -s 8x8and use bigger values only for games scrolling faster. If the game scrolls only horizontally or vertically you can speed up a lot the compression withmonodirectional patterns like -s 16x0 or -s 0x16.",
    "-S, --scroll-square N": "This option is like the option -s NxN but excludes big movement on both directions reducing the computation time. Specifically the check done isX+Y<=N.",
    "-r, --reduce": "Force the color reduction to 8 bit. The reduction is really done only if any frame have less than 256 colors and if no alpha channel is present. To forcethe reduction also if an alpha channel is present use the -n option.",
    "-e, --expand": "Force the color expansion to 24 bit.",
    "-n, --noalpha": "Remove the alpha channel if present.",
    "-c, --lc": "Force the use of the MNG LC (Low Complexity) specifications. It disables the delta compression. The file is always rewritten also if it's bigger.",
    "-C, --vlc": "Force the use of the MNG VLC (Very Low Complexity) specifications. It disables the delta compression and the precise timing. Warning! you may lose thecorrect timing information because the VLC format only supports integer frequency. The file is always rewritten also if it's bigger.",
    "-f, --force": "Force the use of the new file also if it's bigger.",
    "-q, --quiet": "Don't print the filenames.",
    "-v, --verbose": "Print more information on the compression process."
}