{
    "-r, --rom": "Operates on roms (.zip files). All the next commands will operate on your romset.",
    "-s, --sample": "Operates on samples. All the next commands will operate on your sampleset.",
    "-k, --disk": "Operates on disks (.chd files). All the next commands will operate on your diskset.",
    "-a, --add-zip": "Add the missing rom zips. Any missing zip archive for which at least one rom is available will be created.",
    "-b, --add-bin": "Add, rename and substitute all the necessary files in the existing zip archives. No new zip archives are created, only the already present zip files aremodified. No file is deleted. Anyway, some files may be overwritten. Any file overwritten is saved in the 'rom_unknown' or 'sample_unknown' directory in a ziparchive with the same name of the original one.",
    "-d, --del-zip": "Remove any unknown zip or chd archive. Any archive removed is saved in the 'rom_unknown', 'sample_unknown' or 'disk_unknown' directory.",
    "-u, --del-unknown": "Remove any unknown file from the existing zip archives. Any file removed is saved in the 'rom_unknown' or 'sample_unknown' directory in a zip archive withthe same name of the original one. Only binary files are removed, all the text files are keep.",
    "-g, --del-garbage": "Remove any garbage file from the zip archives. A garbage file is an advertising text file added generally by a rom site. The files removed are notsaved.",
    "-t, --del-text": "Remove any text file from the zip archives. Any file removed is saved in the 'rom_unknown' or 'sample_unknown' directory in a zip archive with the same nameof the original one.",
    "-R, --rom-std": "Shortcut for the options -rabdug. It does all the previous operations on roms except removing text files.",
    "-S, --sample-std": "Shortcut for the options -sabdug. It does all the previous operations on samples except removing text files.",
    "-K, --disk-std": "Shortcut for the options -kd. It moves any unknown disk file in the disk_unknown directory.",
    "-n, --print-only": "Don't modify anything, it only shows operations. This option prevents any changes made by the previous commands. The operations are only printed and NOTexecuted.",
    "-p, --report": "Write an extensive text report with the list of good, bad and missing roms or/and samples. The content of any zip archive with missing files is printed. Youmust also specify the -r or/and -s options.",
    "-P, --report-file": "Write a small text report with information on the present files, listing incomplete, duplicate or missing required zips.",
    "-f, --filter FILTER": "Apply a specific filter at the rom list. Check the FILTERS chapter for a detailed list of filters available.",
    "-v, --verbose": "Print a more verbose report. The content of any zip archive is printed also if it contains at least one not rom file.",
    "-i, --ident files...": "Identify the files specified. Only the information present in the info file is used.",
    "-l, --bbs": "Print a standard '.bbs' files with the description of all the roms in the info file.",
    "-e, --equal": "Print a list of all the duplicate roms present in the info file. Only the information present in the info file is used.",
    "-h, --help": "Print a short help screen.",
    "-V, --version": "Print the program version."
}