{
    "--init|-i": "initiate the database.",
    "--compare|-k": "compare the file system with the database.",
    "--list|-l": "compare the specified files with the database.",
    "--print|-p": "print content of the database.",
    "--update|-u": "compare and update the database.",
    "--archive|": "write reports to <directory>.",
    "--config_file|-c": "read the configuration in <configfile>.",
    "--debug|-d": "set a level of debugging messages, from 0 (none) to 3 (full)",
    "--full_newdel|-f,(--nofull_newdel)": "(do not) report full information on new and deleted directories, default is no",
    "--help|-h": "Output help information and exit.",
    "--history|-y": "write session status to historyfile",
    "--ignore_case|-a": "ignore case for file names. can be helpfull on windows plateforms, but is dangerous on unix ones.",
    "--missing_files|-m,(--nomissing_files)": "(do not) warn about files declared in config files which does not exists, default is no",
    "--dead_symlinks|-s,(--nodead_symlinks)": "(do not) warn about dead symlinks, default is no",
    "--print_config,": "display internals variables after arguments and config file parsing (for debugging purposes)",
    "--progress|-P,": "display the name of scanned files, to be used only by afick-tk",
    "--running_files|-r,(--norunning_files)": "(do not) warn about running files : modified since program begin, default is no",
    "--timing|-t,(--notiming)": "(do not) Print timing statistics , default is no",
    "--version|-V": "Output version information and exit.",
    "--verbose|-v,(--noverbose)": "(not in) verbose mode, default is no",
    "--exclude_suffix|-x": "list of suffixes to ignore"
}