{
    "--config_file|-c": "read the configuration in <configfile>.",
    "--full_newdel|-f,(--nofull_newdel)": "(do not) report full information on new and deleted directories, default is no",
    "--help|-h": "Output help information and exit.",
    "--missing_files|-m,(--nomissing_files)": "(do not) warn about files declared in config files which does not exists, default is no",
    "--running_files|-r,(--norunning_files)": "(do not) warn about running files : modified since program begin, default is no",
    "--dead_symlinks|-s,(--nodead_symlinks)": "(do not) warn about dead symlinks, default is no",
    "--timing|-t,(--notiming)": "(do not) Print timing statistics , default is no",
    "--version|-V": "Output version information and exit.",
    "--verbose|-v,(--noverbose)": "(not in) verbose mode, default is no"
}