{
    "-p": "Prevents clients from saving their passwords. (Equivalent to -nosavepasswd in afpd.conf.)",
    "-t": "Allows clients to change their passwords. (Equivalent to -setpasswd in afpd.conf.)",
    "-D": "Use DDP (AppleTalk) as transport protocol. (Equivalent to -ddp in afpd.cond.)",
    "-T": "Use TCP/IP as transport protocol. (Equivalent to -tcp in afpd.conf.)",
    "-v": "Print version information and exit.",
    "-V": "Print verbose information and exit.",
    "-h": "Print help and exit.",
    "-I": "Use a platform specific icon. (Equivalent to -icon in afpd.conf.) (Recent Mac OS don't display it.)",
    "-f defaultvolumes": "Specifies that defaultvolumes should be read for a list of default volumes to offer, instead of /etc/netatalk//AppleVolumes.default.",
    "-s systemvolumes": "Specifies that systemvolumes should be read for a list of volume that all users will be offered, instead of/etc/netatalk//AppleVolumes.system.",
    "-u": "Read the user's AppleVolumes file first. This option causes volume names in the user's AppleVolumes file to override volume names in the system'sAppleVolumes file. The default is to read the system AppleVolumes file first. Note that this option doesn't effect the precendence of filename extensionmappings: the user's AppleVolumes file always has precedence.",
    "-n nbpname": "Specifies that nbpname should be used for NBP registration, instead of the first component of the hostname in the local zone.",
    "-c maxconnections": "Specifies the maximum number of connections to allow for this afpd. The default is 20.",
    "-g guest": "Specifies the name of the guest account. The default is 'nobody'.",
    "-P pidfile": "Specifies the file in which afpd stores its process id.",
    "-S port": "Specifies the port to register with when doing AFPoverTCP. Defaults to 548. (Equivalent to -port in afpd.conf.)",
    "-L message": "Specifies the login message that will be sent to clients. (Equivalent to -loginmsg in afpd.conf.)",
    "-F configfile": "Specifies the configuration file to use. (Defaults to /etc/netatalk//netatalk/afpd.conf.)",
    "-U uams": "Comma-separated list of UAMs to use for the authentication process. (Equivalent to -uamlist in afpd.conf.)",
    "-m umask": "Use this umask for the creation of folders in Netatalk."
}