{
    "-v": "Turns on verbose mode. afs5log will print debugging messages while it does its work. Use more than once to get more detail.",
    "-p path": "Determine which cell the specified path resides in, and obtain tokens for that cell.",
    "-s strategy": "Overrides the default token-setting strategy (v4,524,2b,rxk5) with the named strategy. Recognized strategy names include: rxk5 rxk5(requires OpenAFS 1.6 or later)2b rxkad 2b (requires OpenAFS 1.2.8 or later)",
    "-5": "Skip attempts to use Kerberos IV and just use 2b-style tokens, which are only supported by OpenAFS 1.2.8 and later.",
    "-k": "Skip attempts to use Kerberos IV and use rxk5-style tokens, which are only supported by OpenAFS 1.6 and later.",
    "-n": "Assume that, if a cell name and a realm name differ only by case, that the name of the AFS service's principal name doesn't include an instance."
}