{
    "-s": "In this mode, agedu scans the file system starting at the specified directory, and indexes the results of the scan into a large data file whichother operating modes can query.",
    "-w": "In this mode, agedu expects to find an index file already written. It allocates a network port, and starts up a web server on that port which servesreports generated from the index file. By default it invents its own URL and prints it out.",
    "-t": "In this mode, agedu generates a textual report on standard output, listing the disk usage in the specified directory and all its subdirectories downto a given depth. By default that depth is 1, so that you see a report for directory itself and all of its immediate subdirectories. You can configure adifferent depth (or no depth limit) using -d, described in the next section.",
    "-R": "In this mode, agedu deletes its index file. Running just agedu -R on its own is therefore equivalent to typing rm agedu.dat. However,you can also put -R on the end of a command line to indicate that agedu should delete its index file after it finishes performing otheroperations.",
    "-D": "In this mode, agedu reads an existing index file and produces a dump of its contents on standard output. This dump can later be loaded into a newindex file, perhaps on another computer.",
    "-L": "In this mode, agedu expects to read a dump produced by the -D option from its standard input. It constructs an index file from that dump,exactly as it would have if it had read the same data from a disk scan in -s mode.",
    "-S": "In this mode, agedu will scan a directory tree and convert the results straight into a dump on standard output, without generating an index file atall. So running agedu -S /path should produce equivalent output to that of agedu -s /path -D, except that the latter will produce an index fileas a side effect whereas -S will not.",
    "-H": "In this mode, agedu will generate an HTML report of the disk usage in the specified directory and its immediate subdirectories, in the same formthat it serves from its web server in -w mode.",
    "--cgi": "In this mode, agedu will run as the bulk of a CGI script which provides the same set of web pages as the built-in web server would. It will read theusual CGI environment variables, and write CGI-style data to its standard output.",
    "-f": "Specifies the location of the index file which agedu creates, reads or removes depending on its operating mode. By default, this is simply'agedu.dat', in whatever is the current working directory when you run agedu.",
    "--cross-fs": "These configure whether or not the disk scan is permitted to cross between different file systems. The default is not to: agedu will normally skipover subdirectories on which a different file system is mounted. This makes it convenient when you want to free up space on a particular file system which isrunning low. However, in other circumstances you might wish to see general information about the use of space no matter which file system itAqs on (forinstance, if your real concern is your backup media running out of space, and if your backups do not treat different file systems specially); in thatsituation, use --cross-fs.",
    "--prune": "These cause particular files or directories to be omitted entirely from the scan. If ageduAqs scan encounters a file or directory whose name matchesthe wildcard provided to the --prune option, it will not include that file in its index, and also if itAqs a directory it will skip over it and not scanits contents.",
    "--exclude": "These cause particular files or directories to be omitted from the index, but not from the scan. If ageduAqs scan encounters a file or directorywhose name matches the wildcard provided to the --exclude option, it will not include that file in its index - but unlike --prune, if the file inquestion is a directory it will still scan its contents and index them if they are not ruled out themselves by --exclude options.",
    "--include": "These cause particular files or directories to be re-included in the index and the scan, if they had previously been ruled out by one of the above excludeor prune options. You can interleave include, exclude and prune options as you wish on the command line, and if more than one of them applies to a file thenthe last one takes priority.",
    "--progress": "When agedu is scanning a directory tree, it will typically print a one-line progress report every second showing where it has reached in the scan,so you can have some idea of how much longer it will take. (Of course, it canAqt predict exactly how long it will take, since it doesnAqt know which ofthe directories it hasnAqt scanned yet will turn out to be huge.)",
    "--dir-atime": "In normal operation, agedu ignores the atimes (last access times) on the directories it scans: it only pays attention to the atimes of thefiles inside those directories. This is because directory atimes tend to be reset by a lot of system administrative tasks, such as cron jobswhich scan the file system for one reason or another - or even other invocations of agedu itself, though it tries to avoid modifying any atimes ifpossible. So the literal atimes on directories are typically not representative of how long ago the data in question was last accessed with real intent to usethat data in particular.",
    "--mtime": "This option causes agedu to index files by their last modification time instead of their last access time. You might want to use this if your lastaccess times were completely useless for some reason: for example, if you had recently searched every file on your system, the system would have lost all theinformation about what files you hadnAqt recently accessed before then. Using this option is liable to be less effective at finding genuinely wasted space thanthe normal mode (that is, it will be more likely to flag things as disused when theyAqre not, so you will have more candidates to go through by hand lookingfor data you donAqt need), but may be better than nothing if your last-access times are unhelpful.",
    "--files": "This option causes ageduAqs reports to list the individual files in each directory, instead of just giving a combined report for everything thatAqsnot in a subdirectory.",
    "-d": "This option controls the maximum depth to which agedu recurses when generating a text or HTML report.",
    "-o": "This option is used to specify an output file for agedu to write its report to. In text mode or single-file HTML mode, the argument is treated asthe name of a file. In multiple-file HTML mode, the argument is treated as the name of a directory: the directory will be created if it does not already exist,and the output HTML files will be created inside it.",
    "-r": "The HTML reports produced by agedu use a range of colours to indicate how long ago data was last accessed, running from red (representing the mostdisused data) to green (representing the newest). By default, the lengths of time represented by the two ends of that spectrum are chosen by examining the datafile to see what range of ages appears in it. However, you might want to set your own limits, and you can do this using -r.",
    "--address": "Specifies the network address and port number on which agedu should listen when running its web server. If you want agedu to listen forconnections coming in from any source, you should probably specify the special IP address 0.0.0.0. If the port number is omitted, an arbitrary unusedport will be chosen for you and displayed.",
    "--auth": "Specifies how agedu should control access to the web pages it serves. The options are as follows:",
    "--auth-file": "When agedu is using HTTP Basic authentication, these options allow you to specify your own user name and password. If you specify--auth-file, these will be read from the specified file; if you specify --auth-fd they will instead be read from a given file descriptor whichyou should have arranged to pass to agedu. In either case, the authentication details should consist of the username, followed by a colon, followed bythe password, followed immediately by end of file (no trailing newline, or else it will be considered part of the password).",
    "--no-eof": "Stop agedu in web server mode from looking for end-of-file on standard input and treating it as a signal to terminate."
}