{
    "/bin/login": "Display the contents of issue_file instead of /etc/issue. This allows custom messages to be displayed on different terminals. The -i optionwill override this option.",
    "-I initstring": "Set an initial string to be sent to the tty or modem before sending anything else. This may be used to initialize a modem. Non printable characters may besent by writing their octal code preceded by a backslash (\\). For example to send a linefeed character (ASCII 10, octal 012) write \\012.",
    "-l login_program": "Invoke the specified login_program instead of /bin/login. This allows the use of a non-standard login program (for example, one that asks for adial-up password or that uses a different password file).",
    "-H login_host": "Write the specified login_host into the utmp file. (Normally, no login host is given, since agetty is used for local hardwired connections andconsoles. However, this option can be useful for identifying terminal concentrators and the like.",
    "agetty": "Terminate if no user name could be read within timeout seconds. This option should probably not be used with hard-wired lines."
}