{
    "-e": "Use PATTERN as a regular expression; useful to protect patterns beginning with -.",
    "-i": "Ignore case distinctions (as defined by the current locale) in PATTERN and input files.",
    "-k": "Treat PATTERN as a literal string, that is, a fixed string with no special characters.",
    "-w": "Force PATTERN to match only whole words. A whole word is a substring which either starts at the beginning or the record or is preceded by anon-word constituent character. Similarly, the substring must either end at the end of the record or be followed by a non-word constituent character.Word-constituent characters are alphanumerics (as defined by the current locale) and the underscore character. Note that the non-word constituent charactersmust surround the match; they cannot be counted as errors.",
    "-D": "Set cost of missing characters to NUM.",
    "-I": "Set cost of extra characters to NUM.",
    "-S": "Set cost of incorrect characters to NUM. Note that a deletion (a missing character) and an insertion (an extra character) together constitute asubstituted character, but the cost will be the that of a deletion and an insertion added together. Thus, if the const of a substitution is set to be largerthan the sum of the costs of deletion and insertion, direct substitutions will never be done.",
    "-E": "Select records that have at most NUM errors.",
    "-#": "Select records that have at most # errors (# is a digit between 0 and 9).",
    "-d": "Set the record delimiter regular expression to PATTERN. The text between two delimiters, before the first delimiter, and after the last delimiter isconsidered to be a record. The default record delimiter is the regexp \\n, so by default a record is a line. PATTERN can be any regular expression thatdoes not match the empty string. For example, using -d ^From  defines mail messages as records in a Mailbox format file.",
    "-v": "Select non-matching records instead of matching records.",
    "-V": "Print version information and exit.",
    "-y": "Does nothing. This options exists only for compatibility with the non-free agrep program.",
    "--help": "Display a brief help message and exit.",
    "-B": "Only output the best matching records, that is, the records with the lowest cost. This is currently implemented by making two passes over the input filesand cannot be used when reading from standard input.",
    "--color": "Highlight the matching strings in the output with a color marker. The color string is taken from the GREP_COLOR environment variable. The defaultcolor is red.",
    "-c": "Only print a count of matching records per each input file, suppressing normal output.",
    "-h": "Suppress the prefixing filename on output when multiple files are searched.",
    "-H": "Prefix each output record with the name of the input file where the record was read from.",
    "-l": "Only print the name of each input file which contains at least one match, suppressing normal output. The scanning for each file will stop on the firstmatch.",
    "-n": "Prefix each output record with its sequence number in the input file. The number of the first record is 1.",
    "-q": "Do not write anything to standard output. Exit immediately with zero exit status if a match is found.",
    "-s": "Print match cost with output.",
    "--show-position": "Prefix each output record with the start and end offset of the first match within the record. The offset of the first character of the record is 0. The endposition is given as the offset of the first character after the match.",
    "-M": "By default, the record delimiter is the newline character and is output after the matching record. If -d is used, the record delimiter will beoutput before the matching record. This option causes the delimiter to be output after the matching record."
}