{
    "--check, -C": "Checks the database for inconsistencies. You must have an initialized database to do this. This is also the default command. Without any commandaide does a check.",
    "--init, -i": "Initialize the database. You must initialize a database and move it to the appropriate place before you can use the --check command.",
    "--update, -u": "Checks the database and updates the database non-interactively. The input and output databases must be different.",
    "--compare": "Compares two databases. They must be defined in configfile with database=<url> and database_new=<url>.",
    "--config-check, -D": "Stops after reading in the configuration file. Any errors will be reported. If aide was compiled with the dq--with-dbhmackeydq option, a hashfor the config file will be calculated. See the aide manual for more information.",
    "configfile": "Configuration is read from file configfile instead of ./aide.conf. Use '-' for stdin.",
    "configparameters": "These configparameters are handled after the reading of the configuration file. See aide.conf (5) for more details on what to put here.",
    "verbosity_level": "Controls how verbose aide is. Value must [0-255]. The default is 5. With no argument Value is set to 20. This parameter overrides the value set in aconfiguration file.",
    "reporter": "reporter is a URL which tells aide where to send it's output. See aide.conf (5) section URLS for available values.",
    "--version,-v": "aide prints out its version number",
    "--help,-h": "Prints out the standard help message."
}