{
    "--retry": "Wait RETRY_DELAY seconds after the child process exits abnormally until trying to restart the child process. See also--retry-max",
    "--pidfile": "Write the process identifier of the child process to PID_FILE . Each time the child process is restarted, the process identifier inthis file is updated. This option exists to facilitate the termination of the child process by shutdown scripts. Note that if the child process terminatesnormally during shutdown, airdaemon will terminate normally as well, so it is usually sufficient just to kill the pid in this file at shutdown.",
    "--airdaemon-pidfile": "Write the process identifier of the airdaemon process to PID_FILE . This option exists to facilitate the termination of the forkedairdaemon process by shutdown scripts.",
    "--no-daemon": "Do not actually daemonize. Mainly useful for testing/debugging.",
    "--loglevel": "Specify minimum level for logged messages. In increasing levels of verbosity, the supported log levels are quiet, error, critical,warning, message, info, and debug. The default logging level is warning.",
    "--verbose": "Equivalent to --loglevel debug.",
    "--version": "If present, print version and copyright information to standard error and exit."
}