{
    "-H, --help": "Shows the help screen.",
    "-d <dmac>": "MAC address of destination.",
    "-s <smac>": "MAC address of source.",
    "-m <len>": "Minimum packet length.",
    "-n <len>": "Maximum packet length.",
    "-u <type>": "Frame control, type field.",
    "-v <subt>": "Frame control, subtype field.",
    "-t <tods>": "Frame control, To DS bit.",
    "-f <fromds>": "Frame control, From DS bit.",
    "-w <iswep>": "Frame control, WEP bit.",
    "-p <fctrl>": "Set frame control word (hex).",
    "-a <bssid>": "Set Access Point MAC address.",
    "-c <dmac>": "Set destination MAC address.",
    "-h <smac>": "Set source MAC address.",
    "-e <essid>": "Set target SSID for Fake Authentication attack (see below).",
    "-j": "ARP Replay attack : inject FromDS pakets (see below).",
    "-g <rbsize>": "Set ring buffer size (rbsize must be higher or equal to 1 ).",
    "-k <IP>": "Set destination IP in fragments.",
    "-l <IP>": "Set source IP in fragments.",
    "-o <npackets>": "Set the number of packets for every authentication and association attempt.",
    "-q <seconds>": "Set the time between keep-alive packets in fake authentication mode.",
    "-y <prga>": "Specifies the keystream file for fake shared key authentication.",
    "-r <file>": "Extract packets from this pcap file.",
    "-1 <delay>, --fakeauth=<delay>": "Fake authentication with AP.",
    "-2, --interactive": "Interactive frame selection.",
    "-3, --arpreplay": "Standard ARP-request replay.",
    "-4, --chopchop": "Decrypt/chopchop WEP packet.",
    "-5, --fragment": "Generates a valid keystream.",
    "-9, --test": "Tests injection and quality."
}