{
    "-j, --julian-date jd": "compute and print air-mass coeficient for given julian date. Do not combine this option with input file names.",
    "-a, --right-ascension hhmmss": "right ascension of object in hours, minutes and seconds",
    "-d, --declination -ddmmss": "declination of object in degrees, minutes and seconds",
    "-l, --longitude dddmmss": "longitude of observer in degrees, minutes and seconds; positive values for a location to the east of zero meridian, negative values for a location to thewest of zero meridian.",
    "-b, --latitude -ddmmss": "latitude of observer in degrees, minutes and seconds; positive values for a location to the north of equator, negative values for a location to the southof equator.",
    "--altitude": "compute and print also the altitude of the object in degrees.",
    "-s, --set name=value": "set value of configuration parameter",
    "-i, --read-dirfile filepath": "read list of input files from specified file; see the Files section for details.",
    "-g, --make-dirfile filepath": "save list of output files to specified file, existing content of the file will be overwritten; see the Files section for details.",
    "-o, --output-mask mask": "set output file mask (default=amass????.dat), see the Files section for details.",
    "-c, --counter value": "set initial counter value (default=1), see the Files section for details.",
    "-p, --configuration-file filepath": "read parameters from given configuration file. See the Configuration file section for details.",
    "-h, --help": "print list of command-line parameters",
    "-q, --quiet": "quiet mode; suppress all messages",
    "--version": "print software version string",
    "--licence": "print software licence",
    "--verbose": "verbose mode; print debug messages"
}