{
    "-H, --help": "Shows the help screen.",
    "-i, --ivs": "It only saves IVs (only useful for cracking). If this option is specified, you have to give a dump prefix (--write option)",
    "-g, --gpsd": "Indicate that airodump-ng should try to use GPSd to get coordinates.",
    "-w <prefix>, --write <prefix>": "Is the dump file prefix to use. If this option is not given, it will only show data on the screen.",
    "-e, --beacons": "It will record all beacons into the cap file (by default it only records one).",
    "-u <secs>, --update <secs>": "Delay <secs> seconds delay between display updates (default: 1 second). Useful for slow CPU.",
    "-c <channel>[,<channel>[,...]], --channel <channel>[,<channel>[,...]]": "Indicate the channel(s) to listen to. By default airodump-ng hop on all 2.4Ghz channels.",
    "-b <abg>, --band <abg>": "Indicate the band on which airodump-ng should hop. It can be a combination of 'a', 'b' and 'g' ('b' and 'g' uses 2.4Ghz and 'a' uses 5Ghz)",
    "-s <method>, --cswitch <method>": "Defines the way airodump-ng sets the channels when using more than one card. Valid values: 0, 1 or 2.",
    "-t <OPN|WEP|WPA|WPA1|WPA2>, --encrypt <OPN|WEP|WPA|WPA1|WPA2>": "It will only show networks, matching the given encryption. May be specified more than once: '-t OPN -t WPA2'",
    "-d <bssid>, --bssid <bssid>": "It will only show networks, matching the given bssid.",
    "-m <mask>, --netmask <mask>": "It will only show networks, matching the given bssid ^ netmask combination. Need --bssid to be specified.",
    "-a": "It will only show associated clients."
}