{
    "-r": "Read-only. Show the alarms status, but do not set any states. This is also the default mode if no parameters are specified.",
    "-iN": "Sets the Chassis Identify feature, which can be an LED or some other alarm. If N=0, turn off the Chassis ID, otherwise turn the ID on for N seconds. N=255will turn on the ID indefinitely, if it is IPMI 2.0.",
    "-aN": "Sets Disk A Fault LED. If N=0, turn it off. If N=1, turn it on. Used only for TIGPT1U platform.",
    "-bN": "Sets Disk B Fault LED. If N=0, turn it off. If N=1, turn it on. Used only for TIGPT1U platform.",
    "-dXN": "Sets Disk X Fault LED, where X=0-6. If N=0, turn it off. If N=1, turn it on. Used only for NSC2U platform.",
    "-cN": "Sets the Critical Alarm. If N=0, turn it off. If N=1, turn it on.",
    "-mN": "Sets the Major Alarm. If N=0, turn it off. If N=1, turn it on.",
    "-nN": "Sets the Minor Alarm. If N=0, turn it off. If N=1, turn it on.",
    "-pN": "Sets the Power Alarm. If N=0, turn it off. If N=1, turn it on. Note that the Power LED is also wired to the System Fault LED in the back of the system, sothis state may be off for Power, but the LED could be lit for a System Fault reason instead. Refer to the system Technical Product Specification for SystemFaults.",
    "-o": "Sets all alarms off, including the Chassis ID.",
    "-x": "Causes extra debug messages to be displayed.",
    "-N nodename": "Nodename or IP address of the remote target system. If a nodename is specified, IPMI LAN interface is used. Otherwise the local system management interfaceis used.",
    "-P/-R rmt_pswd": "Remote password for the nodename given. The default is a null password.",
    "-U rmt_user": "Remote username for the nodename given. The default is a null username.",
    "-E": "Use the remote password from Environment variable IPMI_PASSWORD.",
    "-F drv_t": "Force the driver type to one of the followng: imb, va, open, gnu, landesk, lan2, lan, kcs, smb. The default is to detect any available driver type and useit.",
    "-T": "Use this IPMI LAN Authentication Type: 0=None, 1=MD2, 2=MD5, 4=Straight Password, 5=OEM.",
    "-V": "Use this IPMI LAN privilege level. 1=Callback level, 2=User level, 3=Operator level, 4=Administrator level (default), 5=OEM level.",
    "-Y": "Yes, do prompt the user for the IPMI LAN remote password. Alternatives for the password are -E or -P."
}