{
    "-display": "Where to display the windows. Default: $DISPLAY.",
    "-geometry": "Specifies the size and position of the windows. Default: 40x25.",
    "-vbi": "Use the given device name. Default: /dev/vbi0.",
    "-finetune": "Try some fine tuning if you have a lot of decoding errors (these lightning symbols). This allows fine tuning of the decoder circuit. The pre finetunebehaviour was -finetune 0. Default: 1.",
    "-child": "Open a new child window with the page number given by ppp and an optional subpage index given by ss. About the concept of parent and childwindows see the built-in manual.",
    "-erc": "Enables/disables the error reduction code which substitutes errors on a page by data from a previously received one. Enabled by default.",
    "-bell": "Enables/disables the error bell. Normally enabled.",
    "-charset": "Selects the character set to use. Characters not present in the selected set are replaced by similar looking symbols. (default: latin-1)",
    "-doublefont": "Instructs alevt to use double sized fonts.",
    "--help": "Show summary of options.",
    "--version": "Show version of program."
}