{
    "-name": "Gives the filename under which the pages should be saved. It may contain a couple of %-sequences (see below). (default: ttext-%s.%e)",
    "-format": "Lists all known file formats and their options.",
    "-vbi": "Use the given device name (default: /dev/vbi0).",
    "-finetune": "Specify the fine tuning for the decoder. For the right value play with alevt. Default: 1.",
    "-timeout": "If the pages cannot be captured in seconds, the program terminates with exit status 1 after saving the already captured pages. The default is to waitforever.",
    "-charset": "Selects the character set to use. Characters not present in the selected set are replaced by similar looking symbols. (default: latin-1)",
    "--help": "Show version of program."
}