{
    "-h --help": "Show summary of options.",
    "-v --version": "Show version of program.",
    "-d --debug": "Show debug messages.",
    "-s --show": "Do not hide window after start.",
    "-i --icon": "Use a PNG image as an icon.",
    "-l --large_icons": "allow large icons (> 24x24).",
    "-st --sticky": "visible on all workspaces.",
    "-x --borderless": "Remove windows decorations border, title, frame... from parent.",
    "-m --menu": "Add entry menu text:command to popdown menu.",
    "-t --title": "Show title change for <sec> seconds. Probably most usefull for xmms.",
    "-g --geometry": "initial position. see man X."
}