{
    "-h, --help": "Help: show available flags and commands.",
    "-d, --debug": "Use debug mode: a bit more verbose.",
    "-v, --version": "Print alsactl version number.",
    "-f, --file": "Select the configuration file to use. The default is /etc/asound.state.",
    "-F, --force": "Used with restore command. Try to restore the matching control elements as much as possible. This option is set as default now.",
    "-g, --ignore": "Used with store and restore commands. Do not show 'No soundcards found' and do not set an error exit code when soundcards are not installed.",
    "-P, --pedantic": "Used with restore command. Don't restore mismatching control elements. This option was the old default behavior.",
    "-I, --no-init-fallback": "Don't initialize cards if restore fails. Since version 1.0.18, alsactl tries to initialize the card with the restore operation as default. But thiscan cause incompatibility with the older version. The caller may expect that the state won't be touched if no state file exists. This option takes the restorebehavior back to the older version by suppressing the initialization.",
    "-r, --runstate": "Save restore and init state to this file. The file will contain only errors. Errors are appended with the soundcard id to the end of file.",
    "-R, --remove": "Remove runstate file at first.",
    "-E, --env #=#": "Set environment variable (useful for init action or you may override ALSA_CONFIG_PATH to read different or optimized configuration - may be useful forboot scripts).",
    "-i, --initfile #=#": "The configuration file for init. By default, PREFIX/share/alsa/init/00main is used."
}