{
    "--verbose": "Generate more comments about what alternatives is doing.",
    "--quiet": "Don't generate any comments unless errors occur. This option is not yet implemented.",
    "--test": "Don't actually do anything, just say what would be done. This option is not yet implemented.",
    "--help": "Give some usage information (and say which version of alternatives this is).",
    "--version": "Tell which version of alternatives this is (and give some usage information).",
    "--altdir": "Specifies the alternatives directory, when this is to be different from the default.",
    "--admindir": "Specifies the administrative directory, when this is to be different from the default.",
    "--install": "Add a group of alternatives to the system. name is the generic name for the master link, link is the name of its symlink, path is thealternative being introduced for the master link, and priority is the priority of the alternatives group. Higher priorities take precendence if noalternative is manually selected. sname, slink and spath are the generic name, symlink name and alternative for a slave link, andservice is the name of any associated initscript for the alternative. NOTE: --initscript is a Red Hat Linux specific option. Zero or more--slave options, each followed by three arguments, may be specified.",
    "--remove": "Remove an alternative and all of its associated slave links. name is a name in the alternatives directory, and path is an absolute filenameto which name could be linked. If name is indeed linked to path, name will be updated to point to another appropriate alternative,or removed if there is no such alternative left. Associated slave links will be updated or removed, correspondingly. If the link is not currently pointing topath, no links are changed; only the information about the alternative is removed.",
    "--set": "The symbolic link and slaves for link group name set to those configured for path, and the link group is set to manual mode. This option isnot in the original Debian implementation.",
    "--config": "Present the user with a configuration menu for choosing the master link and slaves for link group name. Once chosen, the link group is set to manualmode.",
    "--auto": "Switch the master symlink name to automatic mode. In the process, this symlink and its slaves are updated to point to the highest priority installedalternatives.",
    "--display": "Display information about the link group of which name is the master link. Information displayed includes the group's mode (auto or manual), whichalternative the symlink currently points to, what other alternatives are available (and their corresponding slave alternatives), and the highest priorityalternative currently installed."
}