{
    "--config config": "Amanda configuration which this program will add the client to.",
    "--client client": "The name of the client machine to add. FQDN name recommended.",
    "--diskdev diskdev": "Directory for this Amanda configuration to backup.",
    "--m": "Modify existing entry in the disklist(5) file.Note: if disklist(5) file has been modified manually, this option might not work.",
    "--dumptype dumptype": "dumptype to use. Dumptype must be defined in /etc/amanda/template.d/dumptypes or /etc/amanda/$config/amanda.conf file. Default: [user-tar]",
    "--user string": "name of user using amrecover on the client, default is root.",
    "--auth string": "authentication method to use when running amrecover from the client , default is bsdtcp.",
    "--gnutar_list_dir string": "directory where gnutar keep its state file on the client. Absolute path required. Default is /var/lib/amanda/gnutar-lists. If --no-client-update is not set,this program will attempt to create the directory on the client.",
    "--amandates string": "file where amanda keep the date of each dumplevel on the client, default is /etc/amandates.",
    "--batch": "Turn on batch mode when copying files to the client, default is off",
    "--no-client-update": "If this option is set, amaddclient will not attempt to update/create .amandahosts, amanda-client.conf and gnutar-lists file on the client.",
    "--help": "Display usage.If any of the following four options are used, amaddclient will extend the dumptype definition to an in-line definition in the disklist(5)file.",
    "--includefile string": "string is a glob expression",
    "--includelist string": "string is a file name on the client containing glob expressions. Specify either --includefile or --includelist.",
    "--excludefile string": "string is a glob expression",
    "--excludelist string": "string is a file name on the client containing glob expressions. Specify either --excludefile or --excludelist."
}