{
    "--create": "Create an amanda archive. Only the supplied filenames are included. With one --verbose, lists the filenames. With two, lists the filenames andsizes.",
    "--list": "List the filenames in an amanda archive. No additional filenames are allowed on the command line.",
    "--extract": "Extract an amanda archive. If filenames are supplied, only those files are extracted. Files are created in the current directory, suffixed with a dot ('.')and the attribute ID.",
    "--verbose": "Give more information.",
    "--file": "Create, list or extract from the given file instead of stdin/stdout."
}