{
    "-c": "Run the client host checks. Multiple specific clients can be checked by specifying the client name.",
    "-l": "Run the local tests (e.g. permissions) on the server host.",
    "-t": "Run the tape tests on the server host.",
    "-w": "Enables a DESTRUCTIVE check for write-protection on the tape (which would otherwise cause the subsequent amdump to fail). If the tape is writable,this check causes all data after the tape label to be erased. If the label_new_tapes option is enabled, this check may ERASE any non-Amanda tape in the driveor changer. The check enable the tape tests on the server host and is only made if the tape is otherwise correct.",
    "-m": "Nothing is printed, but mail is sent if any errors are detected. The mail goes to the mailto address specified in the amanda.conf file or theaddress value if -M is set.",
    "-a": "Like -m but the mail is always sent.",
    "-M": "Mail the report to address instead of the mailto value from amanda.conf. Implies -m.",
    "-o": "See the CONFIGURATION OVERRIDE section in amanda(8)."
}