{
    "-c": "Specify a duration, in seconds, that a looked up name remains cached when not in use. The default is 5 minutes.",
    "-d": "Specify the local domain name. If this option is not given the domain name is determined from the hostname.",
    "-k": "Specifies the kernel architecture. This is used solely to set the ${karch} selector.",
    "-l": "Specify a logfile in which to record mount and unmount events. If logfile is the string syslog then the log messages will be sent to thesystem log daemon by syslog(3). The default syslog facility used is LOG_DAEMON. If you wish to change it, append its name to the log file name,delimited by a single colon. For example, if logfile is the string syslog:local7 then Amd will log messages via syslog(3) using theLOG_LOCAL7 facility (if it exists on the system).",
    "-n": "Override the compiled-in version number of the operating system. Useful when the built in version is not desired for backward compatibility reasons. Forexample, if the build in version is ''2.5.1'', you can override it to ''5.5.1'', and use older maps that were written with the latter in mind.",
    "-p": "Specify the NFS timeout interval, in tenths of a second, between NFS/RPC retries (for UDP only). The default is 0.8 seconds. The second value altersthe retransmit counter, which defaults to 11 retransmissions. Both of these values are used by the kernel to communicate with amd. Useful defaults are suppliedif either or both values are missing.Amd relies on the kernel RPC retransmit mechanism to trigger mount retries. The values of these parameters change the overall retry interval. Too long aninterval gives poor interactive response; too short an interval causes excessive retries.",
    "-v": "Specify an interval, in seconds, between attempts to dismount filesystems that have exceeded their cached times. The default is 2 minutes.",
    "-x": "Specify run-time logging options. The options are a comma separated list chosen from: fatal, error, user, warn, info, map, stats, all.",
    "-y": "Specify an alternative NIS domain from which to fetch the NIS maps. The default is the system domain name. This option is ignored if NIS support is notavailable.",
    "-A": "Specifies the OS architecture. This is used solely to set the ${arch} selector.",
    "-C": "Specify an alternative HP-UX cluster name to use.",
    "-D": "Select from a variety of debug options. Prefixing an option with the strings no reverses the effect of that option. Options are cumulative. The mostuseful option is all. Since -D is only used for debugging other options are not documented here: the current supported set of options is listedby the -v option and a fuller description is available in the program source.",
    "-F": "Specify an amd configuration file to use. See amd.conf(5) for description of this file's format. This configuration file is used to specify anyoptions in lieu of typing many of them on the command line. The amd.conf file includes directives for every command line option amd has, and many morethat are only available via the configuration file facility. The configuration file specified by this option is processed after all other options had beenprocessed, regardless of the actual location of this option on the command line.",
    "-H": "Override the compiled-in name of the operating system. Useful when the built in name is not desired for backward compatibility reasons. For example, if thebuild in name is ''sunos5'', you can override it to ''sos5'', and use older maps which were written with the latter in mind."
}