{
    "-d": "Restore from this tape device instead of the default.",
    "-O": "Output restored files to this directory, instead of to the current working directory.",
    "-c": "Compress output, fastest method available.",
    "-C": "Compress output, smallest file size method available.",
    "-l": "Leave dumps in the compressed/uncompressed state in which they were found on tape. By default, amfetchdump will automatically uncompress whenrestoring.",
    "-a": "Assume that all tapes are already available, via tape changer or otherwise, instead of prompting the operator to ensure that all tapes are loaded.",
    "-w": "Wait to put split dumps together until all chunks have been restored. Normally, amfetchdump will attempt to read pieces of a split file from tape inorder, so that it can assemble them simply by appending each file to the first. This option disables the appending behavior, and instead restores each piece asan individual file and reassembles them only after all have been restored.NoteThis requires at least double the size of your dump in free disk space, in order to build the final assembled dumpfile.This behavior is implicitly invoked in circumstances where knowing the location of all dumps on tape in advance is not possible, such as when you arerestoring without log files.",
    "-n": "Do not reassemble split dump files at all, just restore each piece as an individual file.",
    "-s": "Do not fast-forward straight to needed files on tape. This will slow down most restores substantially. Only use this option if your tape drive does notproperly support the fast-forward operation.",
    "-b": "Force a particular block size when reading from tapes. This value will usually be autodetected, and should not normally need to be set.",
    "-o": "See the CONFIGURATION OVERRIDE section in amanda(8)."
}