{
    "-hostwidth": "Set host field column width to width characters instead of 8.",
    "-diskwidth": "Set disk field column width to width characters instead of 20.",
    "-skipmissed": "Compacts the output by only printing stats for the days Amanda actually ran.",
    "-last": "Outputs the last status of each disk at the start. Useful for long tapecycles and/or sparse reports.",
    "-num0": "Outputs the number of level 0 dumps for each disk.",
    "-togo0": "Outputs the number of runs until the last level 0 dump is overwritten.",
    "-verbose": "Amoverview can take a long while on large systems. This option reports intermediate steps while it is working."
}