{
    "-f": "Ask the automounter to flush the internal caches and reload all the maps.",
    "-h": "Specify an alternate host to query. By default the local host is used. In an HP-UX cluster, the root server is queried by default,since that is the system on which the automounter is normally run.",
    "-l": "Tell amd to use log_file as the log file name. For security reasons, this must be the same log file which amd used when started. This option istherefore only useful to refresh amd's open file handle on the log file, so that it can be rotated and compressed via daily cron jobs.",
    "-m": "Ask the automounter to provide a list of mounted filesystems, including the number of references to each filesystem and any error which occurred whilemounting.",
    "-p": "Return the process ID of the remote or locally running amd. Useful when you need to send a signal to the local amd process, and would rather not have tosearch through the process table. This option is used in the ctl-amd script.",
    "-s": "Ask the automounter to provide system-wide mount statistics.",
    "-u": "Ask the automounter to unmount the filesystems named in directory instead of providing information about them. Unmounts are requested, not forced.They merely cause the mounted filesystem to timeout, which will be picked up by amd's main scheduler thus causing the normal timeout action to be taken.",
    "-v": "Ask the automounter for its version information. This is a subset of the information output by amd's -v option.",
    "-w": "Translate a full pathname as returned by getpwd(3) into a short Amd pathname that goes through its mount points. This option requires thatAmd is running.",
    "-x": "Ask the automounter to use the logging options specified in log_options from now on.",
    "-D": "Ask the automounter to use the debugging options specified in debug_options from now on.",
    "-H": "Display short usage message.",
    "-P": "Contact an alternate running amd that had registered itself on a different RPC program_number and apply all other operations to that instance of theautomounter. This is useful when you run multiple copies of amd, and need to manage each one separately. If not specified, amq will use the default programnumber for amd, 300019. For security reasons, the only alternate program numbers amd can use range from 300019 to 300029, inclusive.",
    "-T": "Contact amd using the TCP transport only. Normally amq will try TCP, and if that failed, will try UDP.",
    "-U": "Contact amd using UDP (connectionless) transport only. Normally amq will try TCP, and if that failed, will try UDP."
}