{
    "-e": "Specifies that an exclusive queue should be declared, and bound to the given exchange. The specified exchange should already exist unless the--exchange-type option is used to request the creation of an exchange.",
    "-r": "The routing key for binding. If omitted, an empty routing key is assumed.",
    "-d": "Forces an exclusive queue to be declared, even when it otherwise would not be. That is, when a queue name is specified with the --queue option, butno binding to an exchange is requested with the --exchange option.",
    "-A": "Enable no ack mode: The AMQP server will unconditionally acknowledge each message that is delivered, regardless of whether the target command exitssuccessfully or not.",
    "-c": "Stop consuming after the given number of messages have been received."
}