{
    "-r": "The routing key to publish with. If omitted, an empty routing key is assumed. A routing key must be specified when publishing to the default exchange; inthat case, accoding to the AMQP specification, the routing key corresponds to a queue name.",
    "-p": "Use the persistent delivery mode. Without this option, non-persistent delivery is used.",
    "-C": "Specifies the content-type property for the message. If omitted, the content-type property is not set on the message.",
    "-E": "Specifies the content-encoding property for the message. If omitted, the content-encoding property is not set on the message.",
    "-b": "Specifies the message body. If omitted, the message body is read from standard input."
}