{
    "-i": "Don't email the report.",
    "-M": "Mail the report to address instead of the mailto value from amanda.conf.",
    "-l": "Name of the log file to parse to generate the report. If a log file is not specified, it defaults to the file:",
    "-p": "Send the postscript output to the file postscriptfile instead of to the lpr(1) command. This option has an effect only if the lbl-templdirective is specified in amanda.conf.",
    "-o": "See the CONFIGURATION OVERRIDE section in amanda(8)."
}