{
    "-l": "Check if we restoring from the tape with the right label",
    "-p": "Pipe output. The first matching backup image is sent to standard output, which is normally a pipe to restore or tar, then amrestorequits. It may be run again to continue selecting backups to process. Make sure you specify the no-rewind tapedevice when doing this.",
    "-C": "Compress output using the best method the compression program provides (may be very CPU intensive). See the notes above about the -c option.",
    "-r": "Raw output. Backup images are output exactly as they are on the tape, including the amdump headers. Output file names will have a .RAWextension. This option is only useful for debugging and other strange circumstances.",
    "-h": "Header output. The tape header block is output at the beginning of each file. This is like -r except -c or -C may also be used tocompress the result. Amrecover uses the header to determine the restore program to use."
}