{
    "--no-vtape": "Do not create virtual tapes in the harddisk template case.",
    "--tapedev tapedev": "The path name of non-rewinding tape device. default [file://var/lib/amanda/vtapes/$config]",
    "--tpchanger tpchanger": "The name of the tape changer. default [chg-disk]",
    "--changerdev changerdev": "A tape changer configuration parameter. default [/dev/null]",
    "--changerfile changerfile": "A tape changer configuration parameter. default [/etc/amanda/$config/changer.conf]",
    "--labelstr labelstr": "The tape label constraint regular expression. default [^$config-[0-9][0-9]*$]If this option is used with --template=harddisk, only alphanumeric string is supported.",
    "--tapetype tapetype": "The type of tape drive associated with tapedev or tpchanger. default [HARDDISK]",
    "--mailto mailto": "A space separated list of recipients for mail reports. default [amandabackup]",
    "--dumpcycle dumpcycle": "The number of days in the backup cycle. default [1week]",
    "--runspercycle runspercycle": "The number of days in the backup cycle. default [5]",
    "--runtapes runtapes": "The maximum number of tapes used in a single run. default [1]",
    "--tapecycle tapecycle": "The size of tape rotation. default [25]",
    "--help": "Display usage."
}