{
    "--file amdumpfile": "Specify an alternate file instead of the amdump or amflush file.",
    "--summary": "Display a summary of the state of the run.",
    "--dumping": "Display all partitions that are dumping.",
    "--waitdumping|wdumping": "Display all partitions that are waiting to be dumped.",
    "--waittaper|wtaper": "Display all partitions dumped that are waiting to be written to tape.",
    "--dumpingtape|dtape": "Display all partitions that are dumping directly to tape.",
    "--writingtape|wtape": "Display all partitions that are writing to tape.",
    "--finished": "Display all partitions that are dumped and written to tape.",
    "--failed|error": "Display all partitions that failed.",
    "--estimate": "Display all partitions whose estimate is finished. Works only during the estimate phase.",
    "--gestimate|gettingestimate": "Display all partitions whose estimate is not finished. Works only during the estimate phase.",
    "--stats|statistics": "Display statistics about active-time of taper and dumpers.",
    "--locale-independent-date-format": "Output the date in a locale independent format. The format is the same executing: date +'%Y-%m-%d %H:%M:%S %Z'"
}