{
    "-h": "Display the help message.",
    "-c": "Run only the hardware compression detection heuristic test and stop. This takes a few minutes only.",
    "-f": "Run amtapetype even if the loaded volume is already in use or compression is enabled.",
    "-p": "Run only the device property discovery.",
    "-b": "block size to use with the device (default: 32k)",
    "-t": "Name to give to the new tapetype definition.",
    "-l": "Label to write on the tape (default is randomly generated).",
    "-o": "See the CONFIGURATION OVERRIDE section in amanda(8)."
}