{
    "-h": "Host where aMule is running (default: localhost). <host> might be an IP address or a DNS name",
    "-p": "aMule's port for External Connections, as set in Preferences->Remote Controls (default: 4712)",
    "-P": "External Connections password",
    "-f": "Use the given configuration file. Default configuration file is ~/.aMule/remote.conf",
    "-q": "Do not print any output to stdout. This seems to be a very much useless option with amulecmd.",
    "-v": "Be verbose - show also debug messages",
    "-l": "Sets program locale (language). See section LANGUAGES for the description of the <lang> parameter.",
    "-w": "Write command line options to config file and exit",
    "-c": "Execute <command> as if it was entered at amulecmd's prompt and exit.",
    "--create-config-from": "Create config file based upon <path>, which must point to a valid aMule config file, and then exit",
    "--help": "Displays the current version number."
}