{
    "-h": "Host where aMule is running (default: localhost). <host> might be an IP address or a DNS name.",
    "-p": "aMule's port for External Connections, as set in Preferences->Remote Controls (default: 4712).",
    "-P": "External Connections password.",
    "-f": "Uses the given configuration file. Default configuration file is ~/.aMule/remote.conf .",
    "-q": "Does not print any output to stdout. You may want to use -q to daemonize the webserver, i.e. running as 'amuleweb -q &'.",
    "-v": "Be verbose - show also debug messages.",
    "-l": "Sets program locale (language). See section LANGUAGES for the description of the <lang> parameter.",
    "-w": "Writes command line options to config file and exit.",
    "--create-config-from": "Creates config file based upon <path>, which must point to a valid aMule config file, and then exit.",
    "-t": "Loads the template named <name>. See also the section SKIN SUPPORT.",
    "-s": "Webserver's HTTP port. This is the port you can point your browser to (default: 4711).",
    "-z": "Enables using gzip compression in HTTP traffic to save bandwidth.",
    "-U": "UPnP port.",
    "-Z": "Disables using gzip compression (this is the default).",
    "-A": "Full access password for webserver.",
    "-G": "Guest password for webserver.",
    "-a": "Allows guest access.",
    "-d": "Denies guest access (default).",
    "-L": "Load/save webserver settings from/to remote aMule. This causes amuleweb to ignore command-line and config-file settings, and load them from aMule. Whensaving preferences none will be written to the config file, but to aMule. (Of course, this works only for those settings that can be set in aMule'sPreferences->Remote Controls.)",
    "-N": "Recompiles PHP pages on each request.",
    "--amule-config-file": "aMule config file path. DO NOT USE DIRECTLY! aMule uses this option when starting amuleweb at aMule startup. This option causes all othercommand-line and config-file settings to be ignored, preferences to be read from the given config file, and also implies the -q -L options.",
    "--help": "Prints a short usage description.",
    "--version": "Displays the current version number."
}