{
    "-visual visual": "Specify which visual to use. Legal values are the name of a visual class, or the id number (decimal or hex) of a specific visual.",
    "-window": "Draw on a newly-created window. This is the default.",
    "-root": "Draw on the root window.",
    "-delay number": "Per-frame delay, in microseconds. Default: 20000 (0.02 seconds.).",
    "-distance number": "Max initial distance to the source . 10 - 250. Default: 40.",
    "-sources number": "Max number of sources. Default: 25.",
    "-searchers number": "Max number of searchers. Default: 25."
}