{
    "-i": "The PATH to the inventory hosts file, which defaults to /etc/ansible/hosts.",
    "-M": "The DIRECTORY to load modules from. The default is /usr/share/ansible.",
    "-e": "Extra variables to inject into a playbook, in key=value key=value format.",
    "-f": "Level of parallelism. NUM is specified as an integer, the default is 5.",
    "-k": "Prompt for the SSH password instead of assuming key-based authentication with ssh-agent.",
    "-K": "Prompt for the password to use for playbook plays that request sudo access, if any.",
    "-U": "Desired sudo user (default=root).",
    "-T": "Connection timeout to use when trying to talk to hosts, in SECONDS.",
    "-s": "Force all plays to use sudo, even if not marked as such.",
    "-u": "Use this remote user name on playbook steps that do not indicate a user name to run as.",
    "-c": "Connection type to use. Possible options are paramiko (SSH), ssh, and local. local is mostly useful for crontab orkickstarts.",
    "-l": "Further limits the selected host/group patterns."
}