{
    "-i": "The PATH to the inventory hosts file, which defaults to /etc/ansible/hosts.",
    "-f": "Level of parallelism. NUM is specified as an integer, the default is 5.",
    "--private-key=": "Use this file to authenticate the connection.",
    "-m": "Execute the module called NAME.",
    "-M": "The DIRECTORY to load modules from. The default is /usr/share/ansible.",
    "-a": "The ARGUMENTS to pass to the module.",
    "-k": "Prompt for the SSH password instead of assuming key-based authentication with ssh-agent.",
    "-K": "Prompt for the password to use with --sudo, if any",
    "-o": "Try to output everything on one line.",
    "-s": "Run the command as the user given by -u and sudo to root.",
    "-t": "Save contents in this output DIRECTORY, with the results saved in a file named after each host.",
    "-T": "Connection timeout to use when trying to talk to hosts, in SECONDS.",
    "-B": "Run commands in the background, killing the task after NUM seconds.",
    "-P": "Poll a background job every NUM seconds. Requires -B.",
    "-u": "Use this remote USERNAME instead of root.",
    "-U": "Sudo to SUDO_USERNAME instead of root. Implies --sudo.",
    "-c": "Connection type to use. Possible options are paramiko (SSH), ssh, and local. local is mostly useful for crontab orkickstarts.",
    "-l": "Further limits hosts with a regex pattern."
}