{
    "-a": "Output in Adobe PDF form. Printable on paper of the specified size: 10x14, a3, a4, a5, b4, b5, executive, folio, legal, letter, note, quarto, statement ortabloid.",
    "-f": "Output in formatted text form. That means that bold text is printed like *bold*, italics like /italics/ and underlined text as _underlined_.",
    "-h": "Give a help message.",
    "-i": "The image level determines how images will be shown.",
    "-m": "This file is used to map Unicode characters to your local character set. The default mapping file depends on the locale.",
    "-p": "Output in PostScript form. Printable on paper of the specified size: 10x14, a3, a4, a5, b4, b5, executive, folio, legal, letter, note, quarto, statement ortabloid.",
    "-r": "Include text removed by the revisioning system.",
    "-s": "Include text with the so-called hidden text attribute.",
    "-t": "Output in text form. (default)",
    "-w": "In text mode this is the line width in characters. A value of zero puts an entire paragraph on a line, useful when the text is to used as input for anotherwordprocessor. This value is ignored in PostScript mode.",
    "-x": "Output in XML form. Currently the only document type definition is db (for DocBook).",
    "-L": "In PostScript mode: use landscape mode."
}