{
    "-a algorithm": "use algorithm for password generation.0 - (default) pronounceable password generation1 -",
    "-n num_of_pass": "generate num_of_pass number of passwords. Default is 6.",
    "-m min_pass_len": "generate password with minimum length min_pass_len. If min_pass_len > max_pass_len then max_pass_len = min_pass_len. Defaultminimum password length is 8.",
    "-x max_pass_len": "generate password with maximum length max_pass_len. If min_pass_len > max_pass_len then max_pass_len = min_pass_len. Defaultmaximum password length is 10.",
    "-M mode": "Use symbolsets specified with mode for password generation. mode is a text string consisting of characters S, s, N,n, C, c, L, l. Where:",
    "-E char_string": "exclude characters in char_string from password generation process (in pronounceable password generation mode you can not exclude small letters). Toinclude special symbols that can be recognized by shell (apostrophe, quotes, dollar sign, etc.) in char_string use the backslashed versions.",
    "-k": "check every generated password using cracklib. To use this ability you must enable cracklib support during programm building.",
    "-r dictfile": "check generated passwords for their appearance in dictfile",
    "-b filter_file": "check generated passwords for their appearance in filter_file. filter_file should be created with apgbfm(1) utility.",
    "-p min_substr_len": "this option tells apg(1) to check every substring of the generated password for appearance in filter_file. If any of such substringswould be found in the filter_file then generated password would be rejected and apg(1) will generate another one. min_substr_len specifiesminimum substring length to check. This option is active only if -b option is defined.",
    "-s": "ask user for random sequence for password generation",
    "-c cl_seed": "use cl_seed as a random seed for password generation. I use it when i have to generate passwords in a shell script.",
    "-d": "do NOT use any delimiters between generated passwords. I use it when i have to generate passwords in a shell script.",
    "-y": "print generated passwords and crypted passwords (see man crypt(3))",
    "-q": "quiet mode (do not print warnings)",
    "-l": "spell genetated passwords. Useful when you want to read generated password by telephone.WARNING: Think twice before read your password by phone.",
    "-t": "print pronunciation for generated pronounceable password",
    "-h": "print help information and exit",
    "-v": "print version information and exit"
}