{
    "-f filter": "use filter as the name for Bloom filter filename.",
    "-i filter": "print information about filter.",
    "-n numofwords": "create new empty filter for numofwords number of words. Useful when you want to fill filter dynamicaly.",
    "-d dictfile": "create new filter from dictfile. It may take a lot of time to generate filter from a big dictionary. In that dictionary you may place words (one perline) that should not appear as generated passwords. For example: user names common words, etc. You even can use one of the dictionaries that come withdictionary password crackers. This check is case sensitive. For example, if you want to reject word 'root', you should insert in dictfile words:root, Root, RoOt, ... , ROOT. To indicate that program is working apgbfm prints dot for every 100 words added in dictionary.",
    "-a word": "add word to the filter.",
    "-A dictfile": "add all words from dictfile to the filter. To indicate that program is working apgbfm prints dot for every 100 words added in dictionary.",
    "-c word": "check word for appearance in the filter.",
    "-C dictfile": "check every word from dictfile for appearance in the filter.",
    "-q": "quiet mode.",
    "-s": "create new filter in case-insensitive mode.",
    "-v": "print version information.",
    "-h": "print help information."
}