{
    "-h, --help": "Help: show syntax.",
    "--version": "Print current version.",
    "-l, --list-devices": "List all soundcards and digital audio devices",
    "-L, --list-pcms": "List all PCMs defined",
    "-D, --device=NAME": "Select PCM by name",
    "-q --quiet": "Quiet mode. Suppress messages (not sound :))",
    "-t, --file-type TYPE": "File type (voc, wav, raw or au). If this parameter is omitted the WAVE format is used.",
    "-c, --channels=#": "The number of channels. The default is one channel. Valid values are 1 through 32.",
    "-f --format=FORMAT": "Sample formatRecognized sample formats are: S8 U8 S16_LE S16_BE U16_LE U16_BE S24_LE S24_BE U24_LE U24_BE S32_LE S32_BE U32_LE U32_BE FLOAT_LE FLOAT_BE FLOAT64_LEFLOAT64_BE IEC958_SUBFRAME_LE IEC958_SUBFRAME_BE MU_LAW A_LAW IMA_ADPCM MPEG GSM SPECIAL S24_3LE S24_3BE U24_3LE U24_3BE S20_3LE S20_3BE U20_3LE U20_3BES18_3LE S18_3BE U18_3LESome of these may not be available on selected hardwareThe available format shortcuts are:-f cd (16 bit little endian, 44100, stereo) [-f S16_LE -c2 -r44100]-f cdr (16 bit big endian, 44100, stereo) [-f S16_BE -c2 -f44100]-f dat (16 bit little endian, 48000, stereo) [-f S16_LE -c2 -r48000]If no format is given U8 is used.",
    "-r, --rate=#<Hz>": "Sampling rate in Hertz. The default rate is 8000 Hertz. If the value specified is less than 300, it is taken as the rate in kilohertz. Valid values are2000 through 192000 Hertz.",
    "-d, --duration=#": "Interrupt after # seconds. A value of zero means infinity. The default is zero, so if this option is omitted then the arecord process will run until it iskilled.",
    "-s, --sleep-min=#": "Min ticks to sleep. The default is not to sleep.",
    "-M, --mmap": "Use memory-mapped (mmap) I/O mode for the audio stream. If this option is not set, the read/write I/O mode will be used.",
    "-N, --nonblock": "Open the audio device in non-blocking mode. If the device is busy the program will exit immediately. If this option is not set the program will block untilthe audio device is available again.",
    "-F, --period-time=#": "Distance between interrupts is # microseconds. If no period time and no period size is given then a quarter of the buffer time is set.",
    "-B, --buffer-time=#": "Buffer duration is # microseconds If no buffer time and no buffer size is given then the maximal allowed buffer time but not more than 500ms is set.",
    "--period-size=#": "Distance between interrupts is # frames If no period size and no period time is given then a quarter of the buffer size is set.",
    "--buffer-size=#": "Buffer duration is # frames If no buffer time and no buffer size is given then the maximal allowed buffer time but not more than 500ms is set.",
    "-A, --avail-min=#": "Min available space for wakeup is # microseconds",
    "-R, --start-delay=#": "Delay for automatic PCM start is # microseconds (relative to buffer size if <= 0)",
    "-T, --stop-delay=#": "Delay for automatic PCM stop is # microseconds from xrun",
    "-v, --verbose": "Show PCM structure and setup. This option is accumulative. The VU meter is displayed when this is given twice or three times.",
    "-V, --vumeter=TYPE": "Specifies the VU-meter type, either stereo or mono. The stereo VU-meter is available only for 2-channel stereo samples with interleavedformat.",
    "-I, --separate-channels": "One file for each channel. This option disables max-file-time and use-strftime, and ignores SIGUSR1. The stereo VU meter is not available with separatechannels.",
    "-P": "Playback. This is the default if the program is invoked by typing aplay.",
    "-C": "Record. This is the default if the program is invoked by typing arecord.",
    "-i, --interactive": "Allow interactive operation via stdin. Currently only pause/resume via space or enter key is implemented.",
    "--disable-resample": "Disable automatic rate resample.",
    "--disable-channels": "Disable automatic channel conversions.",
    "--disable-format": "Disable automatic format conversions.",
    "--disable-softvol": "Disable software volume control (softvol).",
    "--test-position": "Test ring buffer position.",
    "--test-coef=<coef>": "Test coefficient for ring buffer position; default is 8. Expression for validation is: coef * (buffer_size / 2). Minimum value is 1.",
    "--test-nowait": "Do not wait for the ring buffer--eats the whole CPU.",
    "--max-file-time": "While recording, when the output file has been accumulating sound for this long, close it and open a new output file. Default is the maximum size supportedby the file format: 2 GiB for WAV files. This option has no effect if --separate-channels is specified.",
    "--process-id-file <file name>": "aplay writes its process ID here, so other programs can send signals to it.",
    "--use-strftime": "When recording, interpret %-codes in the file name parameter using the strftime facility whenever the output file is opened. The important strftime codesare: %Y is the year, %m month, %d day of the month, %H hour, %M minute and %S second. In addition, %v is the file number, starting at 1. When this option isspecified, intermediate directories for the output file are created automatically. This option has no effect if --separate-channels is specified.",
    "--dump-hw-params": "Dump hw_params of the device preconfigured status to stderr. The dump lists capabilities of the selected device such as supported formats, sampling rates,numbers of channels, period and buffer bytes/sizes/times. For raw device hw:X this option basically lists hardware capabilities of the soundcard.",
    "--fatal-errors": "Disables recovery attempts when errors (e.g. xrun) are encountered; the aplay process instead aborts immediately."
}