{
    "-V, --version": "Print the apm program version and exit immediately.",
    "-v, --verbose": "Print information about the APM BIOS version and Linux APM driver version.",
    "-m, --minutes": "Print total minutes remaining instead of using an hh:mm format.",
    "-s, --suspend": "Put the machine into suspend mode if possible.",
    "-S, --standby": "Put the machine into standby mode if possible.",
    "-i, --ignore": "Tell the system to ignore system-generated APM suspend and standby events when on AC power. This may be useful to users who have laptops and want APMevents when on battery power, but not when on AC power.",
    "-n, --noignore": "Tell the system not to ignore system-generated APM suspend and standby events when on AC power. This is the default mode; this option is provided asa way to undo a prior apm -i call."
}