{
    "-P": "Identifies the command to invoke when certain APM driver events are reported. See above for information about the arguments to this script.",
    "-p": "Every time the percentage of available power changes (discharge or recharge) by percent_change, log information. The default is 5. Use values greaterthan 100 to disable this feature.",
    "-V, --version": "Print the daemon's version and exit.",
    "-v, --verbose": "Enables verbose mode, where each event reported by the APM driver is logged.",
    "-W, --wall": "In addition to logging low battery status (as determined either by the -w level or by the APM BIOS) using syslog(2), also use wall(1)to alert all users. This is most useful if syslogd(8) is not set up to write ALERT messages to all users. If both methods are used, more warnings willbe made during the critical time period.",
    "-w": "When the battery is not being charged and the percentage of available power drops below warn_percent, log a warning at ALERT level tosyslog(2). If the -W or --wall flag was given, the daemon will also use wall(1) to alert all users of impending doom. Give thewarning each time the percentage changes. The default is 10. Use negative values to disable this feature.",
    "-q, --quiet": "Disables the warnings identified by the -W and -w options. (The APM BIOS on many machines will provide an audible warning when power is aboutto be used up, so those extra warnings may not be needed.)",
    "-?, --help": "Prints a usage message and exits.",
    "-b": "Provides a command to be run when the machine is operating on battery power, though not when the daemon first starts.",
    "-l": "Provides a command to be run when the APM BIOS judges that battery power is low.",
    "-s": "Provides a command to be run before suspending through the driver.",
    "-r": "Provides a command to be run after resuming through the driver.",
    "-u, --utc": "(This option is now completely ignored. Edit apmd_proxy instead.) This means the BIOS clock is set to UTC (GMT), so the daemon should pass the -u option tothe clock or hwclock program when coming out of suspend or resume mode, or when responding to the BIOS update time event."
}