{
    "-V, --version": "Print the apmsleep program version and exit immediately.",
    "-s, --suspend": "Put the machine into suspend mode if possible (default). On my laptop, suspend mode turns off everything except the memory.",
    "-S, --standby": "Put the machine into standby mode if possible. On my laptop, standby mode turns off screen, hard disk, and CPU.",
    "-w, --wait": "Wait indefinitely for the time leap.",
    "-p, --precise": "Wait for alarm time to match actual time. Do not wait for time leap. This might be useful even without APM.",
    "-n, --noapm": "Do not call apm bios to suspend computer, just set the alarm clock and wait for time leap indefinitely.",
    "-d, --debug": "Print some information about what is going on."
}