{
    "-visual visual": "Specify which visual to use. Legal values are the name of a visual class, or the id number (decimal or hex) of a specific visual.",
    "-window": "Draw on a newly-created window. This is the default.",
    "-root": "Draw on the root window.",
    "-label | -no-label": "Draw Labels. Boolean.",
    "-altgeom | -no-altgeom": "Include Alternate Geometries. Boolean.",
    "-cycles number": "Depth.    1 - 20. Default: 20.",
    "-ncolors number": "Number of Colors. Default: 64.",
    "-delay number": "Per-frame delay, in microseconds. Default: 1000000 (1.00 seconds.)."
}