{
    "-d": "Download only; package files are only retrieved, not unpacked or installed.",
    "-y": "Automatic yes to prompts. Assume yes as answer to all prompts and run non-interactively. If an undesirable situation, such as changing a held package orremoving an essential package, occurs then apt-get will abort.",
    "--trivial-only": "Only perform operations that are trivial. Logically this can be considered related to --assume-yes. Where --assume-yes will answer yes toany prompt, --trivial-only will answer no.",
    "-v": "Show the program version.",
    "-c": "Configuration File. Specify a configuration file to use. The program will read the default configuration file and then this configuration file. Seeapt.conf(5) for syntax information.",
    "-o": "Set a Configuration Option. This will set an arbitrary configuration option. The syntax is -o Foo::Bar=bar."
}