{
    "-d": "Mount point. Specify the location to mount the cdrom. This mount point must be listed in /etc/fstab and properly configured.",
    "-n": "No Changes. Do not change the sources.list(5) file and do not write index files. Everything is still checked however.",
    "-v": "Show the program version.",
    "-c": "Configuration File. Specify a configuration file to use. The program will read the default configuration file and then this configuration file. Seeapt.conf(5) for syntax information.",
    "-o": "Set a Configuration Option. This will set an arbitrary configuration option. The syntax is -o Foo::Bar=bar."
}