{
    "-s dir": "Specify the directory root under which processor-generated source files will be placed; files are placed in subdirectories based on packagenamespace.",
    "-nocompile": "Do not compile source files to class files.",
    "-print": "Print out textual representation of specified types; perform no annotation processing or compilation.",
    "-A[key[=val]]": "Options to pass to annotation processors -- these are not interpreted by apt directly, but are made available for use by individualprocessors",
    "-factorypath path": "Specify where to find annotation processor factories; if this option is used, the classpath is not searched for factories.",
    "-factory classname": "Name of annotation processor factory to use; bypasses default discovery process",
    "-version": "Print version information.-XDisplay information about non-standard options.",
    "-d dir": "Specify where to place processor and javac generated class files",
    "-cp path or -classpath path": "Specify where to find user class files and annotation processor factories. If -factorypath is given, the classpath is not searched forfactories.",
    "-XListAnnotationTypes": "List found annotation types.",
    "-XListDeclarations": "List specified and included declarations.",
    "-XPrintAptRounds": "Print information about initial and recursive apt rounds.",
    "-XPrintFactoryInfo": "Print information about which annotations a factory is asked to process.",
    "-XclassesAsDecls": "Treat both class and source files as declarations to process."
}