{
    "-D": "For commands that will install or remove packages (install, upgrade, etc), show brief explanations of automatic installations and removals.This corresponds to the configuration option Aptitude::CmdLine::Show-Deps.",
    "-d": "Download packages to the package cache as necessary, but do not install or remove anything. By default, the package cache is stored in/var/cache/apt/archives.This corresponds to the configuration option Aptitude::CmdLine::Download-Only.",
    "-F": "Specify the format which should be used to display output from the search command. For instance, passing %p %V %v for <format>will display a package's name, followed by its currently installed version and its available version (see the section Customizing how packages are displayedin the aptitude reference manual for more information).This corresponds to the configuration option Aptitude::CmdLine::Package-Display-Format.",
    "-f": "Display a brief help message. Identical to the help action.",
    "--purge-unused": "Purge packages that are no longer required by any installed package. This is equivalent to passing -o Aptitude::Purge-Unused=true as a command-lineargument.",
    "-P": "Always display a prompt, even when no actions other than those explicitly requested will be performed.This corresponds to the configuration option Aptitude::CmdLine::Always-Prompt.",
    "-R": "Do not treat recommendations as dependencies when installing new packages (this overrides settings in /etc/apt/apt.conf and~/.aptitude/config).This corresponds to the configuration option Aptitude::Recommends-Important",
    "-r": "Treat recommendations as dependencies when installing new packages (this overrides settings in /etc/apt/apt.conf and ~/.aptitude/config).This corresponds to the configuration option Aptitude::Recommends-Important",
    "-s": "In command-line mode, print the actions that would normally be performed, but don't actually perform them. This does not require root privileges. In thevisual interface, always open the cache in read-only mode regardless of whether you are root.This corresponds to the configuration option Aptitude::Simulate.",
    "--schedule-only": "For commands that modify package states, schedule operations to be performed in the future, but don't perform them. You can execute scheduled actions byrunning aptitude install with no arguments. This is equivalent to making the corresponding selections in visual mode, then exiting the program normally.For instance, aptitude --schedule-only install evolution will schedule the evolution package for later installation.",
    "-t": "Set the release from which packages should be installed. For instance, aptitude -t experimental ... will install packages from the experimentaldistribution unless you specify otherwise. For the command-line actions changelog, download, and show, this is equivalent to appending/<release> to each package named on the command-line; for other commands, this will affect the default candidate version of packagesaccording to the rules described in apt_preferences(5).This corresponds to the configuration item APT::Default-Release.",
    "-O": "Specify the order in which output from the search command should be displayed. For instance, passing installsize for <order>will list packages in order according to their size when installed (see the section Customizing how packages are sorted in the aptitude referencemanual for more information).",
    "-o": "Set a configuration file option directly; for instance, use -o Aptitude::Log=/tmp/my-log to log aptitude's actions to /tmp/my-log. Formore information on configuration file options, see the section Configuration file reference in the aptitude reference manual.",
    "-q[=<": "Suppress all incremental progress indicators, thus making the output loggable. This may be supplied multiple times to make the program quieter, but unlikeapt-get, aptitude does not enable -y when -q is supplied more than once.The optional =<n> may be used to directly set the amount of quietness (for instance, to override a setting in /etc/apt/apt.conf);it causes the program to behave as if -q had been passed exactly <n> times.",
    "-V": "Show which versions of packages will be installed.This corresponds to the configuration option Aptitude::CmdLine::Show-Versions.",
    "-v": "Causes some commands (for instance, show) to display extra information. This may be supplied multiple times to get more and more information.This corresponds to the configuration option Aptitude::CmdLine::Verbose.",
    "--version": "Display the version of aptitude and some information about how it was compiled.",
    "--visual-preview": "When installing or removing packages from the command line, instead of displaying the usual prompt, start up the visual interface and display its previewscreen.",
    "-w": "Specify the display width which should be used for output from the search command (by default, the terminal width is used).This corresponds to the configuration option Aptitude::CmdLine::Package-Display-Width",
    "-y": "When a yes/no prompt would be presented, assume that the user entered yes. In particular, suppresses the prompt that appears when installing, upgrading,or removing packages. Prompts for dangerous actions, such as removing essential packages, will still be displayed. This option overrides -P.This corresponds to the configuration option Aptitude::CmdLine::Assume-Yes.",
    "-Z": "Loads the extended state information from <fname> instead of the standard state file."
}