{
    "-n modname": "This explicitly sets the module name for the -i (install) and -g (template generation) option. Use this to explicitly specify the module name. For option-g this is required, for option -i the apxs tool tries to determine the name from the source or (as a fallback) at least by guessing it from thefilename.",
    "-q": "Performs a query for apxs's knowledge about certain settings. The query parameters can be one or more of the following strings: CC, CFLAGS,CFLAGS_SHLIB, INCLUDEDIR, LD_SHLIB, LDFLAGS_SHLIB, LIBEXECDIR, LIBS_SHLIB, SBINDIR, SYSCONFDIR, TARGET. .PP Use this for manually determining settings. Forinstance use INC=-I'apxs -q INCLUDEDIR' .PP inside your own Makefiles if you need manual access to Apache's C header files.",
    "-S name=value": "This option changes the apxs settings described above.",
    "-g": "This generates a subdirectory name (see option -n) and there two files: A sample module source file named mod_name.c which can be used as atemplate for creating your own modules or as a quick start for playing with the apxs mechanism. And a corresponding Makefile for even easier build andinstalling of this module.",
    "-c": "This indicates the compilation operation. It first compiles the C source files (.c) of files into corresponding object files (.o) and then builds adynamically shared object in dsofile by linking these object files plus the remaining object files (.o and .a) of files. If no -o option isspecified the output file is guessed from the first filename in files and thus usually defaults to mod_name.so.",
    "-o dsofile": "Explicitly specifies the filename of the created dynamically shared object. If not specified and the name cannot be guessed from the files list, thefallback name mod_unknown.so is used.",
    "-D name=value": "This option is directly passed through to the compilation command(s). Use this to add your own defines to the build process.",
    "-I incdir": "This option is directly passed through to the compilation command(s). Use this to add your own include directories to search to the build process.",
    "-L libdir": "This option is directly passed through to the linker command. Use this to add your own library directories to search to the build process.",
    "-l libname": "This option is directly passed through to the linker command. Use this to add your own libraries to search to the build process.",
    "-Wc,compiler-flags": "This option passes compiler-flags as additional flags to the libtool --mode=compile command. Use this to add local compiler-specific options.",
    "-Wl,linker-flags": "This option passes linker-flags as additional flags to the libtool --mode=link command. Use this to add local linker-specific options.",
    "-i": "This indicates the installation operation and installs one or more dynamically shared objects into the server's modules directory.",
    "-a": "This activates the module by automatically adding a corresponding LoadModule line to Apache's httpd.conf configuration file, or by enabling it if italready exists.",
    "-A": "Same as option -a but the created LoadModule directive is prefixed with a hash sign (#), i.e., the module is just prepared for later activation butinitially disabled.",
    "-e": "This indicates the editing operation, which can be used with the -a and -A options similarly to the -i operation to edit Apache's httpd.confconfiguration file without attempting to install the module."
}