{
    "-C": "Read configuration options from config-file.",
    "-o": "old way -- do not report subscribers.",
    "-u": "Report userids in addition to the count(s).",
    "-l": "Enable long reporting (comma delimited table consisting of mbox, userid, r/s, start time, end time).",
    "-d": "Count as a reader an authentication identity which has SELECTed the mailbox within days days. Default is 30.",
    "-D": "Count as a reader an authentication identity which has SELECTed the mailbox within the given date range. The start date and optional end date are specifiedas 2-digit month of the year, 2-digit day of the month, and 4-digit year. If the end date is not specified, then the current system time is used as the endtime.",
    "-p": "Prune \\Seen state for users who have not SELECTed the mailbox within months months. Default is infinity."
}