{
    "-a": "all jobs",
    "-j": "the file storing information about active jobs (default ~/.arc/jobs.xml)",
    "-i": "a file containing a list of jobIDs",
    "-c": "select one or more computing elements: name can be an alias for a single CE, a group of CEs or a URL",
    "-r": "skip jobs which are on a computing element with a given URL",
    "-s": "only select jobs whose status is statusstr",
    "-f": "removes the job from the local list of jobs even if the job is not found in the cluster's information system",
    "-P": "list the available plugins",
    "-t": "timeout in seconds (default 20)",
    "-z": "configuration file (default ~/.arc/client.conf)",
    "-d": "FATAL, ERROR, WARNING, INFO, VERBOSE or DEBUG",
    "-v": "print version information",
    "-?": "print help"
}