{
    "-p": "use passive transfer (off by default if secure is on, on by default if secure is not requested)",
    "-n": "do not try to force passive transfer",
    "-f": "if the destination is an indexing service and not the same as the source and the destination is already registered, then the copy is normally not done.However, if this option is specified the source is assumed to be a replica of the destination created in an uncontrolled way and the copy is done like in caseof replication. Using this option also skips validation of completed transfers.",
    "-i": "show progress indicator",
    "-T": "do not transfer file, just register it - destination must be non-existing meta-url",
    "-u": "use secure transfer (insecure by default)",
    "-y": "path to local cache (use to put file into cache)",
    "-r": "operate recursively up to specified level",
    "-R": "number of retries before failing file transfer",
    "-L": "physical file to write to when destination is an indexing service. Must be specified for indexing services which do not automatically generate physicallocations. Can be specified multiple times - locations will be tried in order until one succeeds.",
    "-P": "list the available plugins (protocols supported)",
    "-t": "timeout in seconds (default 20)",
    "-z": "configuration file (default ~/.arc/client.conf)",
    "-d": "FATAL, ERROR, WARNING, INFO, VERBOSE or DEBUG",
    "-v": "print version information",
    "-?": "printhelp"
}