{
    "-d NUM, --days=NUM": "Archive messages older than NUM days. The default is 180. This option is incompatible with the --date option below.",
    "-D DATE, --date=DATE": "Archive messages older than DATE. DATE can be a date string in ISO format (eg '2002-04-23'), Internet format (eg '23 Apr 2002') or Internetformat with full month names (eg '23 April 2002'). Two-digit years are not supported. This option is incompatible with the --days option above.",
    "-o PATH, --output-dir=PATH": "Use the directory name PATH to store the mailbox archives. The default is the same directory as the mailbox to be read.",
    "-P FILE, --pwfile=FILE": "Read IMAP password from file FILE instead of from the command line. Note that this will probably not work if you are archiving folders from morethan one IMAP account.",
    "-F STRING, --filter-append=STRING": "Append STRING to the IMAP filter string. For IMAP wizards.",
    "-s NAME, --suffix=NAME": "Use the suffix NAME to create the filename used for archives. The default is _archive. For example, if you run archivemail on amailbox called exsouthrock, the archive will be created with the filename exsouthrock_archive.gz.NAME is run through the python(1) time.strftime() function, which means that you can specify any of the following specialdirectives in NAME to make archives named after the archive cut-off date:%a Locale's abbreviated weekday name.%A Locale's full weekday name.%b Locale's abbreviated month name.%B Locale's full month name.%c Locale's appropriate date and time representation.%d Day of the month as a decimal number [01,31].%H Hour (24-hour clock) as a decimal number [00,23].%I Hour (12-hour clock) as a decimal number [01,12].%j Day of the year as a decimal number [001,366].%m Month as a decimal number [01,12].%M Minute as a decimal number [00,59].%p Locale's equivalent of either AM or PM.%S Second as a decimal number [00,61]. (1)%U Week number of the year (Sunday as the first day of the week) as a decimal number [00,53]. All days in a new year preceding the first Sunday areconsidered to be in week 0.%w Weekday as a decimal number [0(Sunday),6].%W Week number of the year (Monday as the first day of the week) as a decimal number [00,53]. All days in a new year preceding the first Sunday areconsidered to be in week 0.%x Locale's appropriate date representation.%X Locale's appropriate time representation.%y Year without century as a decimal number [00,99].%Y Year with century as a decimal number.%Z Time zone name (or by no characters if no time zone exists).%% A literal % character.-S NUM, --size=NUMOnly archive messages that are NUM bytes or greater.-n, --dry-runDon't write to any files -- just show what would have been done. This is useful for testing to see how many messages would have been archived.-u, --preserve-unreadDo not archive any messages that have not yet been read. archivemail determines if a message in a mbox-format or MH-format mailbox hasbeen read by looking at the Status header (if it exists). If the status header is equal to 'RO' or 'OR' then archivemail assumes the message hasbeen read. archivemail determines if a maildir message has been read by looking at the filename. If the filename contains an 'S' after :2,then it assumes the message has been read.--dont-mangleDo not mangle lines in message bodies beginning with From . When archiving a message from a mailbox not in mbox format, by defaultarchivemail mangles such lines by prepending a '>' to them, since mail user agents might otherwise interpret these lines as message separators.Messages from mbox folders are never mangled. See mbox(5) for more information.--deleteDelete rather than archive old mail. Use this option with caution!--copyCopy rather than archive old mail. Creates an archive, but the archived messages are not deleted from the originating mailbox, which is left unchanged.This is a complement to the --delete option, and mainly useful for testing purposes.--include-flaggedNormally messages that are flagged important are not archived or deleted. If you specify this option, these messages can be archived or deleted just likeany other message.--no-compressDo not compress any archives.--warn-duplicateWarn about duplicate Message-IDs that appear in the input mailbox.-v, --verboseReports lots of extra debugging information about what is going on.-q, --quietTurns on quiet mode. Do not print any statistics about how many messages were archived. This should be used if you are running archivemail fromcron.-V, --versionDisplay the version of archivemail and exit.-h, --helpDisplay brief summary information about how to run archivemail.Notesarchivemail requires python(1) version 2.3 or later. When reading an mbox-format mailbox, archivemail will create alockfile with the extension .lock so that procmail will not deliver to the mailbox while it is being processed. It will also create an advisory lock onthe mailbox using flock(2). archivemail will also complain and abort if a 3rd-party modifies the mailbox while it is being read.archivemail will always attempt to preserve the mode, last-access and last-modify times of the input mailbox. However, archive mailboxes are alwayscreated with a mode of 0600. If archivemail finds a pre-existing archive mailbox it will append rather than overwrite that archive.archivemail will refuse to operate on mailboxes that are symbolic links or create tempfiles or archives in world-writable directories.archivemail attempts to find the delivery date of a message by looking for valid dates in the following headers, in order of precedence:Delivery-date, Date and Resent-Date. If it cannot find any valid date in these headers, it will use the last-modified file timestamp onMH and Maildir format mailboxes, or the date on the From line on mbox-format mailboxes.A conversion from other formats to mbox(5) will silently overwrite existing Status and X-Status message headers.ImapWhen archivemail processes an IMAP folder, all messages in that folder will have their \\Recent flag unset, and they will probably not show upas 'new' in your user agent later on. There is no way around this, it's just how IMAP works. This does not apply, however, if you run archivemailwith the options --dry-run or --copy.archivemail relies on server-side searches to determine the messages that should be archived. When matching message dates, IMAP servers referto server internal message dates, and these may differ from both delivery time of a message and its Date header. Also, there exist broken servers whichdo not implement server side searches.Imap Urlsarchivemail's IMAP URL parser was written with the RFC 2882 (Internet Message Format) rules for the local-part of email addresses inmind. So, rather than enforcing an URL-style encoding of non-ascii and reserved characters, it allows to double-quote the username and password. If yourusername or password contains the delimiter characters '@' or ':', just quote it like this:imap://username@bogus.com:password@imap.bogus.com/mailbox. You can use a backslash to escape double-quotes that are part of a quoted username orpassword. Note that quoting only a substring will not work, and be aware that your shell will probably remove unprotected quotes or backslashes.IMAP servers supporting subfolders may use any character as a mailbox path separator, that is, as an equivalent to the slash character on Unixsystems. If you are archiving an IMAP subfolder, first archivemail will try to open a given mailbox name unchanged; if this fails, it will interpret anyslashes in the URL as path separators and try again.ExamplesTo archive all messages in the mailbox debian-user that are older than 180 days to a compressed mailbox called debian-user_archive.gz in thecurrent directory:bash$ archivemail debian-userTo archive all messages in the mailbox debian-user that are older than 180 days to a compressed mailbox called debian-user_October_2001.gz(where the current month and year is April, 2002) in the current directory:bash$ archivemail --suffix '_%B_%Y' debian-userTo archive all messages in the mailbox cm-melb that are older than the first of January 2002 to a compressed mailbox called cm-melb_archive.gzin the current directory:bash$ archivemail --date'1 Jan 2002' cm-melbExactly the same as the above example, using an ISO date format instead:bash$ archivemail --date=2002-01-01 cm-melbTo delete all messages in the mailbox spam that are older than 30 days:bash$ archivemail --delete --days=30 spamTo archive all read messages in the mailbox incoming that are older than 180 days to a compressed mailbox called incoming_archive.gz in thecurrent directory:bash$ archivemail --preserve-unread incomingTo archive all messages in the mailbox received that are older than 180 days to an uncompressed mailbox called received_archive in the currentdirectory:bash$ archivemail --no-compress receivedTo archive all mailboxes in the directory $HOME/Mail that are older than 90 days to compressed mailboxes in the $HOME/Mail/Archive directory:bash$ archivemail -d90 -o $HOME/Mail/Archive $HOME/Mail/*To archive all mails older than 180 days from the given IMAP INBOX to a compressed mailbox INBOX_archive.gz in the $HOME/Mail/Archivedirectory, quoting the password and reading it from the environment variable PASSWORD:bash$ archivemail -o $HOME/Mail/Archive imaps://user:''$PASSWORD''@example.org/INBOXNote the protected quotes.TipsProbably the best way to run archivemail is from your crontab(5) file, using the --quiet option. Don't forget to try the--dry-run and perhaps the --copy option for non-destructive testing.Exit StatusNormally the exit status is 0. Nonzero indicates an unexpected error.BugsIf an IMAP mailbox path contains slashes, the archive filename will be derived from the basename of the mailbox. If the server's folder separatordiffers from the Unix slash and is used in the IMAP URL, however, the whole path will be considered the basename of the mailbox. E.g. the two URLsimap://user@example.com/folder/subfolder and imap://user@example.com/folder.subfolder will be archived in subfolder_archive.gz andfolder.subfolder_archive.gz, respectively, although they might refer to the same IMAP mailbox.archivemail does not support reading MMDF or Babyl-format mailboxes. In fact, it will probably think it is reading anmbox-format mailbox and cause all sorts of problems.archivemail is still too slow, but if you are running from crontab(5) you won't care. Archiving maildir-format mailboxes shouldbe a lot quicker than mbox-format mailboxes since it is less painful for the original mailbox to be reconstructed after selective message removal.See Alsopython(1), gzip(1), mutt(1), procmail(1)UrlThe archivemail home page is currently hosted at sourceforge <URL:http://archivemail.sourceforge.net>AuthorThis manual page was written by Paul Rodger <paul at paulrodger dot com>. Updated and supplemented by Nikolaus Schulz <microschulz@web.de>",
    "-S NUM, --size=NUM": "Only archive messages that are NUM bytes or greater.",
    "-n, --dry-run": "Don't write to any files -- just show what would have been done. This is useful for testing to see how many messages would have been archived.",
    "-u, --preserve-unread": "Do not archive any messages that have not yet been read. archivemail determines if a message in a mbox-format or MH-format mailbox hasbeen read by looking at the Status header (if it exists). If the status header is equal to 'RO' or 'OR' then archivemail assumes the message hasbeen read. archivemail determines if a maildir message has been read by looking at the filename. If the filename contains an 'S' after :2,then it assumes the message has been read.",
    "--dont-mangle": "Do not mangle lines in message bodies beginning with From . When archiving a message from a mailbox not in mbox format, by defaultarchivemail mangles such lines by prepending a '>' to them, since mail user agents might otherwise interpret these lines as message separators.Messages from mbox folders are never mangled. See mbox(5) for more information.",
    "--delete": "Delete rather than archive old mail. Use this option with caution!",
    "--copy": "Copy rather than archive old mail. Creates an archive, but the archived messages are not deleted from the originating mailbox, which is left unchanged.This is a complement to the --delete option, and mainly useful for testing purposes.",
    "--include-flagged": "Normally messages that are flagged important are not archived or deleted. If you specify this option, these messages can be archived or deleted just likeany other message.",
    "--no-compress": "Do not compress any archives.",
    "--warn-duplicate": "Warn about duplicate Message-IDs that appear in the input mailbox.",
    "-v, --verbose": "Reports lots of extra debugging information about what is going on.",
    "-q, --quiet": "Turns on quiet mode. Do not print any statistics about how many messages were archived. This should be used if you are running archivemail fromcron.",
    "-V, --version": "Display the version of archivemail and exit.",
    "-h, --help": "Display brief summary information about how to run archivemail."
}