{
    "-f": "run daemon in foreground",
    "-c": "full path of XML config file",
    "-i": "full path of INI config file",
    "-d": "dump XML config generated from INI one",
    "-p": "full path of pid file",
    "-u": "user name to switch after starting",
    "-g": "group name to switch after starting",
    "-s": "full path of XML schema file to be used for validating configuration",
    "-v": "output version information and exit",
    "-a": "install windows service (only works on windows)",
    "-r": "uninstall windows service (only works on windows)"
}