{
    "-a archive": "If the ''-a'' flag is used then its argument specifies the directory to archive in instead of <patharchive in inn.conf>.",
    "-c": "If the ''-c'' flag is used, then directory names will be flattened as if by the ''-f'' flag; additionally, all posts will be concatenated into a singlefile , appending if the file already exists, with the final component of the filename being YYYYMM based on the local execution time of archive. Inthis case, on December 14, 1998, the file would be copied to <patharchive in inn.conf>/comp.sources.unix/199812.",
    "-f": "If the ''-f'' flag is used, then all directory names will be flattened out, replacing the slashes with periods. In this case, the file would be copied to<patharchive in inn.conf>/comp.sources.unix/2211.",
    "-i": "If the ''-i'' flag is used, then archive will append one line to the specified index file for each article that it copies. This line willcontain the destination name as well as the Message-ID and Subject headers.",
    "-p newsgroup-list": "Limits the targets taken from the Xref: header to the groups specified in newsgroup-list. The newsgroup-list is a comma-separateduwildmat(3) list of newsgroups you wish to have archive handle.",
    "-r": "By default, archive sets its standard error to <pathlog in inn.conf>/errlog. To suppress this redirection, use the ''-r'' flag."
}