{
    "-c": "select one or more computing elements: name can be an alias for a single CE, a group of CEs or a URL",
    "-g": "select one or more registries: name can be an alias for a single registry, a group of registries or a URL",
    "-R": "skip the service with the given URL during service discovery",
    "-S": "only get information about executon targets which supports this job submission interface (e.g. org.nordugrid.gridftpjob, org.ogf.emies, org.nordugrid.xbes)",
    "-l": "long format (more information)",
    "-P": "list the available plugins",
    "-t": "timeout in seconds (default 20)",
    "-z": "configuration file (default ~/.arc/client.conf)",
    "-d": "FATAL, ERROR, WARNING, INFO, VERBOSE or DEBUG",
    "-v": "print version information",
    "-?": "print help"
}