{
    "-l": "long format (like ls -l). The name of the object is followed by these elements: filetype of object, size in bytes, creation time, validity time, checksumand (if the protocol supports it) access latency (ONLINE or NEARLINE).",
    "-L": "show URLs of file locations (replicas) registered in index services.",
    "-m": "list all available metadata.",
    "-r": "operate recursively up to specifiedlevel",
    "-n": "show only description of requested object, do not list content of directories (like ls -d).",
    "-c": "check readability of object. Retrieving and showing information about object is supressed.",
    "-P": "list the available plugins (protocols supported)",
    "-t": "timeout in seconds (default 20)",
    "-z": "configuration file (default ~/.arc/client.conf)",
    "-d": "FATAL, ERROR, WARNING, INFO, VERBOSEor DEBUG",
    "-v": "print version information",
    "-?": "print help"
}