{
    "-c": "select one or more computing elements: name can be an alias for a single CE, a group of CEs or a URL",
    "-q": "select one or more computing elements for the new jobs: name can be an alias for a single CE, a group of CEs or a URL",
    "-g": "select one or more registries: name can be an alias for a single registry, a group of registries or a URL",
    "-r": "skip jobs which are on a computing element with a given URL",
    "-R": "skip the service with the given URL during service discovery",
    "-S": "only use this interface for submitting (e.g. org.nordugrid.gridftpjob, org.ogf.emies, org.ogf.bes)",
    "-k": "keep the files on the server (do not clean)",
    "-j": "the file storing information about active jobs (default ~/.arc/jobs.xml)",
    "-i": "a file containing a list of jobIDs",
    "-a": "all jobs specified in the jobfile will be tried migrated",
    "-f": "force migration, ignore kill failure",
    "-P": "list the available plugins",
    "-t": "timeout in seconds (default 20)",
    "-z": "configuration file (default ~/.arc/client.conf)",
    "-d": "FATAL, ERROR, WARNING, INFO, VERBOSE or DEBUG",
    "-b": "selected broker: Random (default), FastestQueue or custom",
    "-v": "print version information",
    "-?": "print help"
}