{
    "-d": "level of information printed. Possible values are DEBUG, VERBOSE, INFO, WARNING, ERROR and FATAL.",
    "-S": "url of SLCS (short-lived credential service) Service. e.g. https://127.0.0.1:60000/slcs",
    "-I": "the name of IdP. e.g. https://idp.testshib.org/idp/shibboleth",
    "-U": "user account to IdP",
    "-P": "password for user account to IdP",
    "-Z": "size of the private key, default is 1024",
    "-K": "passphrase for protecting the private key, if not set, the private key file will not be protected by passphrase",
    "-L": "life time of the credential, starting with current time, unit is hour",
    "-D": "store directory of the credential",
    "-z": "configuration file of the client, default is ~/.arc/client.conf",
    "-h": "prints short usage description"
}