{
    "-c": "select one or more computing elements: name can be an alias for a single CE, a group of CEs or a URL",
    "-g": "select one or more registries: name can be an alias for a single registry, a group of registries or a URL",
    "-R": "skip the service with the given URL during service discovery",
    "-j": "the file storing information about active jobs (default ~/.arc/jobs.xml)",
    "-f": "don't ask for verification",
    "-T": "truncate the joblist before synchronizing",
    "-P": "list the available plugins",
    "-t": "timeout in seconds (default 20)",
    "-z": "configuration file (default ~/.arc/client.conf)",
    "-d": "FATAL, ERROR, WARNING, INFO, VERBOSE or DEBUG",
    "-v": "print version information",
    "-?": "print help"
}