{
    "-c": "select one or more computing elements: name can be an alias for a single CE, a group of CEs or a URL",
    "-g": "select one or more registries: name can be an alias for a single registry, a group of registries or a URL",
    "-R": "skip the service with the given URL during service discovery",
    "-S": "only use this interface for submitting (e.g. org.nordugrid.gridftpjob, org.ogf.emies, org.ogf.bes)",
    "-J": "submits testjob given by the jobid.",
    "-j": "the file storing information about active jobs (default ~/.arc/jobs.xml)",
    "-o": "the IDs of the submitted jobs will be appended to this file",
    "-D": "submit jobs as dry run (no submission to batch system)",
    "-x": "do not submit - dump job description in the language accepted by the target",
    "-E": "prints information about installed user- and CA-certificates",
    "-P": "list the available plugins",
    "-t": "timeout in seconds (default 20)",
    "-z": "configuration file (default ~/.arc/client.conf)",
    "-d": "FATAL, ERROR, WARNING, INFO, VERBOSE or DEBUG",
    "-b": "selected broker: Random (default), FastestQueue or custom",
    "-v": "print version information",
    "-h": "print usage information"
}