{
    "-d, --dir=<DIR>": "The directory to store the downloaded file.",
    "-i, --input-file=<FILE>": "Downloads URIs found in FILE. You can specify multiple URIs for a single entity: separate URIs on a single line using the TAB character. Reads input fromstdin when - is specified. Additionally, options can be specified after each line of URI. This optional line must start with one or more white spacesand have one option per single line. The input file can use gzip compression. See Input File subsection for details. See also --deferred-inputoption.",
    "-l, --log=<LOG>": "The file name of the log file. If - is specified, log is written to stdout. If empty string() is specified, log is not written to file.",
    "-j, --max-concurrent-downloads=<N>": "Set maximum number of parallel downloads for every static (HTTP/FTP) URI, torrent and metalink. See also --split option. Default: 5",
    "-V, --check-integrity[=true|false]": "Check file integrity by validating piece hashes or a hash of entire file. This option has effect only in BitTorrent, Metalink downloads with checksums orHTTP(S)/FTP downloads with --checksum option. If piece hashes are provided, this option can detect damaged portions of a file and re-download them. If ahash of entire file is provided, hash check is only done when file has been already download. This is determined by file length. If hash check fails, file isre-downloaded from scratch. If both piece hashes and a hash of entire file are provided, only piece hashes are used. Default: false",
    "-c, --continue[=true|false]": "Continue downloading a partially downloaded file. Use this option to resume a download started by a web browser or another program which downloads filessequentially from the beginning. Currently this option is only applicable to HTTP(S)/FTP downloads.",
    "-h, --help[=<TAG>|<KEYWORD>]": "The help messages are classified with tags. A tag starts with #. For example, type --help=#http to get the usage for the options tagged with#http. If non-tag word is given, print the usage for the options whose name includes that word. Available Values: #basic, #advanced,#http, #https, #ftp, #metalink, #bittorrent, #cookie, #hook, #file, #rpc, #checksum,#experimental, #deprecated, #help, #all Default: #basic",
    "--all-proxy=<PROXY>": "Use this proxy server for all protocols. To erase previously defined proxy, use . You can override this setting and specify a proxy server for aparticular protocol using --http-proxy, --https-proxy and --ftp-proxy options. This affects all URIs. The format of PROXY is[http://][USER:PASSWORD@]HOST[:PORT]. See also ENVIRONMENT section.",
    "--all-proxy-user=<USER>": "Set user for --all-proxy option.",
    "--checksum=<TYPE>=<DIGEST>": "Set checksum. TYPE is hash type. The supported hash type is listed in Hash Algorithms in aria2c -v. DIGEST is hex digest. For example, settingsha-1 digest looks like this: sha-1=0192ba11326fe2298c8cb4de616f4d4140213838 This option applies only to HTTP(S)/FTP downloads.",
    "--connect-timeout=<SEC>": "Set the connect timeout in seconds to establish connection to HTTP/FTP/proxy server. After the connection is established, this option makes no effect and--timeout option is used instead. Default: 60",
    "--dry-run[=true|false]": "If true is given, aria2 just checks whether the remote file is available and doesn't download data. This option has effect on HTTP/FTP download.BitTorrent downloads are canceled if true is specified. Default: false",
    "--lowest-speed-limit=<SPEED>": "Close connection if download speed is lower than or equal to this value(bytes per sec). 0 means aria2 does not have a lowest speed limit. You canappend K or M (1K = 1024, 1M = 1024K). This option does not affect BitTorrent downloads. Default: 0",
    "-x, --max-connection-per-server=<NUM>": "The maximum number of connections to one server for each download. Default: 1",
    "--max-file-not-found=<NUM>": "If aria2 receives file not found status from the remote HTTP/FTP servers NUM times without getting a single byte, then force the download to fail. Specify0 to disable this option. This options is effective only when using HTTP/FTP servers. Default: 0",
    "-m, --max-tries=<N>": "Set number of tries. 0 means unlimited. See also --retry-wait. Default: 5",
    "-k, --min-split-size=<SIZE>": "aria2 does not split less than 2*SIZE byte range. For example, let's consider downloading 20MiB file. If SIZE is 10M, aria2 can split file into 2 range[0-10MiB) and [10MiB-20MiB) and download it using 2 sources(if --split >= 2, of course). If SIZE is 15M, since 2*15M > 20MiB, aria2 does not splitfile and download it using 1 source. You can append K or M (1K = 1024, 1M = 1024K). Possible Values: 1M -1024M Default:20M",
    "-n, --no-netrc[=true|false]": "Disables netrc support. netrc support is enabled by default.",
    "--proxy-method=<METHOD>": "Set the method to use in proxy request. METHOD is either get or tunnel. HTTPS downloads always use tunnel regardless of this option.Default: get",
    "-R, --remote-time[=true|false]": "Retrieve timestamp of the remote file from the remote HTTP/FTP server and if it is available, apply it to the local file. Default: false",
    "--reuse-uri[=true|false]": "Reuse already used URIs if no unused URIs are left. Default: true",
    "--retry-wait=<SEC>": "Set the seconds to wait between retries. With SEC > 0, aria2 will retry download when the HTTP server returns 503 response. Default: 0",
    "--server-stat-of=<FILE>": "Specify the filename to which performance profile of the servers is saved. You can load saved data using --server-stat-if option. See ServerPerformance Profile subsection below for file format.",
    "--server-stat-if=<FILE>": "Specify the filename to load performance profile of the servers. The loaded data will be used in some URI selector such as feedback. See also--uri-selector option. See Server Performance Profile subsection below for file format.",
    "--server-stat-timeout=<SEC>": "Specifies timeout in seconds to invalidate performance profile of the servers since the last contact to them. Default: 86400 (24hours)",
    "-s, --split=<N>": "Download a file using N connections. If more than N URIs are given, first N URIs are used and remaining URIs are used for backup. If less than N URIs aregiven, those URIs are used more than once so that N connections total are made simultaneously. The number of connections to the same host is restricted by--max-connection-per-server option. See also --min-split-size option. Default: 5",
    "-t, --timeout=<SEC>": "Set timeout in seconds. Default: 60",
    "--uri-selector=<SELECTOR>": "Specify URI selection algorithm. The possible values are inorder, feedback and adaptive. If inorder is given, URI is tried inthe order appeared in the URI list. If feedback is given, aria2 uses download speed observed in the previous downloads and choose fastest server in theURI list. This also effectively skips dead mirrors. The observed download speed is a part of performance profile of servers mentioned in--server-stat-of and --server-stat-if options. If adaptive is given, selects one of the best mirrors for the first and reservedconnections. For supplementary ones, it returns mirrors which has not been tested yet, and if each of them has already been tested, returns mirrors which hasto be tested again. Otherwise, it doesn't select anymore mirrors. Like feedback, it uses a performance profile of servers. Default:feedback",
    "--ca-certificate=<FILE>": "Use the certificate authorities in FILE to verify the peers. The certificate file must be in PEM format and can contain multiple CA certificates. Use--check-certificate option to enable verification.",
    "--check-certificate[=true|false]": "Verify the peer using certificates specified in --ca-certificate option. Default: true",
    "--http-accept-gzip[=true|false]": "Send Accept: deflate, gzip request header and inflate response if remote server responds with Content-Encoding: gzip or Content-Encoding:deflate. Default: false",
    "--http-no-cache[=true|false]": "Send Cache-Control: no-cache and Pragma: no-cache header to avoid cached content. If false is given, these headers are not sent and youcan add Cache-Control header with a directive you like using --header option. Default: false",
    "--http-user=<USER>": "Set HTTP user. This affects all URIs.",
    "--http-passwd=<PASSWD>": "Set HTTP password. This affects all URIs.",
    "--http-proxy=<PROXY>": "Use this proxy server for HTTP. To erase previously defined proxy, use . See also --all-proxy option. This affects all URIs. The format of PROXY is[http://][USER:PASSWORD@]HOST[:PORT]",
    "--http-proxy-passwd=<PASSWD>": "Set password for --http-proxy option.",
    "--http-proxy-user=<USER>": "Set user for --http-proxy option.",
    "--https-proxy=<PROXY>": "Use this proxy server for HTTPS. To erase previously defined proxy, use . See also --all-proxy option. This affects all URIs. The format of PROXYis [http://][USER:PASSWORD@]HOST[:PORT]",
    "--https-proxy-passwd=<PASSWD>": "Set password for --https-proxy option.",
    "--https-proxy-user=<USER>": "Set user for --https-proxy option.",
    "--private-key=<FILE>": "Use the private key in FILE. The private key must be decrypted and in PEM format. The behavior when encrypted one is given is undefined. See also--certificate option.",
    "--referer=<REFERER>": "Set Referer. This affects all URIs. If * is given, each request URI is used as a referer. This may be useful when used with--parameterized-uri option.",
    "--enable-http-keep-alive[=true|false]": "Enable HTTP/1.1 persistent connection. Default: true",
    "--enable-http-pipelining[=true|false]": "Enable HTTP/1.1 pipelining. Default: false",
    "--load-cookies=<FILE>": "Load Cookies from FILE using the Firefox3 format (SQLite3), Chromium/Google Chrome (SQLite3) and the Mozilla/Firefox(1.x/2.x)/Netscape format.",
    "--use-head[=true|false]": "Use HEAD method for the first request to the HTTP server. Default: false",
    "-U, --user-agent=<USER_AGENT>": "Set user agent for HTTP(S) downloads. Default: aria2/$VERSION, $VERSION is replaced by package version.",
    "--ftp-user=<USER>": "Set FTP user. This affects all URIs. Default: anonymous",
    "--ftp-passwd=<PASSWD>": "Set FTP password. This affects all URIs. If user name is embedded but password is missing in URI, aria2 tries to resolve password using .netrc. If passwordis found in .netrc, then use it as password. If not, use the password specified in this option. Default: ARIA2USER@",
    "-p, --ftp-pasv[=true|false]": "Use the passive mode in FTP. If false is given, the active mode will be used. Default: true",
    "--ftp-proxy=<PROXY>": "Use this proxy server for FTP. To erase previously defined proxy, use . See also --all-proxy option. This affects all URIs. The format of PROXY is[http://][USER:PASSWORD@]HOST[:PORT]",
    "--ftp-proxy-passwd=<PASSWD>": "Set password for --ftp-proxy option.",
    "--ftp-proxy-user=<USER>": "Set user for --ftp-proxy option.",
    "--ftp-type=<TYPE>": "Set FTP transfer type. TYPE is either binary or ascii. Default: binary",
    "--ftp-reuse-connection[=true|false]": "Reuse connection in FTP. Default: true",
    "--select-file=<INDEX>...": "Set file to download by specifying its index. You can find the file index using the --show-files option. Multiple indexes can be specified by using,, for example: 3,6. You can also use - to specify a range: 1-5. , and - can be used together: 1-5,8,9. Whenused with the -M option, index may vary depending on the query (see --metalink-* options).",
    "--bt-enable-lpd[=true|false]": "Enable Local Peer Discovery. If a private flag is set in a torrent, aria2 doesn't use this feature for that download even if true is given. Default:false",
    "--bt-exclude-tracker=<URI>[,...]": "Comma separated list of BitTorrent tracker's announce URI to remove. You can use special value * which matches all URIs, thus removes all announceURIs. When specifying * in shell command-line, don't forget to escape or quote it. See also --bt-tracker option.",
    "--bt-external-ip=<IPADDRESS>": "Specify the external IP address to report to a BitTorrent tracker. Although this function is named external, it can accept any kind of IP addresses.IPADDRESS must be a numeric IP address.",
    "--bt-hash-check-seed[=true|false]": "If true is given, after hash check using --check-integrity option and file is complete, continue to seed file. If you want to check file anddownload it only when it is damaged or incomplete, set this option to false. This option has effect only on BitTorrent download. Default:true",
    "--bt-lpd-interface=<INTERFACE>": "Use given interface for Local Peer Discovery. If this option is not specified, the default interface is chosen. You can specify interface name and IPaddress. Possible Values: interface, IP addres",
    "--bt-max-open-files=<NUM>": "Specify maximum number of files to open in each BitTorrent download. Default: 100",
    "--bt-max-peers=<NUM>": "Specify the maximum number of peers per torrent. 0 means unlimited. See also --bt-request-peer-speed-limit option. Default: 55",
    "--bt-metadata-only[=true|false]": "Download metadata only. The file(s) described in metadata will not be downloaded. This option has effect only when BitTorrent Magnet URI is used. See also--bt-save-metadata option. Default: false",
    "--bt-min-crypto-level=plain|arc4": "Set minimum level of encryption method. If several encryption methods are provided by a peer, aria2 chooses the lowest one which satisfies the given level.Default: plain",
    "--bt-prioritize-piece=head[=<SIZE>],tail[=<SIZE>]": "Try to download first and last pieces of each file first. This is useful for previewing files. The argument can contain 2 keywords: head andtail. To include both keywords, they must be separated by comma. These keywords can take one parameter, SIZE. For example, if head=<SIZE>is specified, pieces in the range of first SIZE bytes of each file get higher priority. tail=<SIZE> means the range of last SIZE bytes of eachfile. SIZE can include K or M (1K = 1024, 1M = 1024K). If SIZE is omitted, SIZE=1M is used.",
    "--bt-remove-unselected-file[=true|false]": "Removes the unselected files when download is completed in BitTorrent. To select files, use --select-file option. If it is not used, all files areassumed to be selected. Please use this option with care because it will actually remove files from your disk. Default: false",
    "--bt-require-crypto[=true|false]": "If true is given, aria2 doesn't accept and establish connection with legacy BitTorrent handshake(19BitTorrent protocol). Thus aria2 always uses Obfuscationhandshake. Default: false",
    "--bt-request-peer-speed-limit=<SPEED>": "If the whole download speed of every torrent is lower than SPEED, aria2 temporarily increases the number of peers to try for more download speed.Configuring this option with your preferred download speed can increase your download speed in some cases. You can append K or M (1K = 1024, 1M =1024K). Default: 50K",
    "--bt-save-metadata[=true|false]": "Save metadata as .torrent file. This option has effect only when BitTorrent Magnet URI is used. The filename is hex encoded info hash with suffix.torrent. The directory to be saved is the same directory where download file is saved. If the same file already exists, metadata is not saved. See also--bt-metadata-only option. Default: false",
    "--bt-seed-unverified[=true|false]": "Seed previously downloaded files without verifying piece hashes. Default: false",
    "--bt-stop-timeout=<SEC>": "Stop BitTorrent download if download speed is 0 in consecutive SEC seconds. If 0 is given, this feature is disabled. Default: 0",
    "--bt-tracker=<URI>[,...]": "Comma separated list of additional BitTorrent tracker's announce URI. These URIs are not affected by --bt-exclude-tracker option because they areadded after URIs in --bt-exclude-tracker option are removed.",
    "--bt-tracker-connect-timeout=<SEC>": "Set the connect timeout in seconds to establish connection to tracker. After the connection is established, this option makes no effect and--bt-tracker-timeout option is used instead. Default: 60",
    "--bt-tracker-interval=<SEC>": "Set the interval in seconds between tracker requests. This completely overrides interval value and aria2 just uses this value and ignores the min intervaland interval value in the response of tracker. If 0 is set, aria2 determines interval based on the response of tracker and the download progress.Default: 0",
    "--bt-tracker-timeout=<SEC>": "Set timeout in seconds. Default: 60",
    "--dht-entry-point=<HOST>:<PORT>": "Set host and port as an entry point to IPv4 DHT network.",
    "--dht-entry-point6=<HOST>:<PORT>": "Set host and port as an entry point to IPv6 DHT network.",
    "--dht-file-path=<PATH>": "Change the IPv4 DHT routing table file to PATH. Default: $HOME/.aria2/dht.dat",
    "--dht-file-path6=<PATH>": "Change the IPv6 DHT routing table file to PATH. Default: $HOME/.aria2/dht6.dat",
    "--dht-listen-addr6=<ADDR>": "Specify address to bind socket for IPv6 DHT. It should be a global unicast IPv6 address of the host.",
    "--dht-listen-port=<PORT>...": "Set UDP listening port used by DHT(IPv4, IPv6) and UDP tracker. Multiple ports can be specified by using ,, for example: 6881,6885. You canalso use - to specify a range: 6881-6999. , and - can be used together. Default: 6881-6999",
    "--enable-dht[=true|false]": "Enable IPv4 DHT functionality. It also enables UDP tracker support. If a private flag is set in a torrent, aria2 doesn't use DHT for that download even iftrue is given. Default: true",
    "--enable-dht6[=true|false]": "Enable IPv6 DHT functionality. If a private flag is set in a torrent, aria2 doesn't use DHT for that download even if true is given. Use--dht-listen-port option to specify port number to listen on. See also --dht-listen-addr6 option.",
    "--enable-peer-exchange[=true|false]": "Enable Peer Exchange extension. If a private flag is set in a torrent, this feature is disabled for that download even if true is given. Default:true",
    "--follow-torrent=true|false|mem": "If true or mem is specified, when a file whose suffix is .torrent or content type is application/x-bittorrent is downloaded,aria2 parses it as a torrent file and downloads files mentioned in it. If mem is specified, a torrent file is not written to the disk, but is just keptin memory. If false is specified, the action mentioned above is not taken. Default: true",
    "-O, --index-out=<INDEX>=<PATH>": "Set file path for file with index=INDEX. You can find the file index using the --show-files option. PATH is a relative path to the path specified in--dir option. You can use this option multiple times. Using this option, you can specify the output filenames of BitTorrent downloads.",
    "--listen-port=<PORT>...": "Set TCP port number for BitTorrent downloads. Multiple ports can be specified by using ,, for example: 6881,6885. You can also use - tospecify a range: 6881-6999. , and - can be used together: 6881-6889,6999. Default: 6881-6999",
    "-u, --max-upload-limit=<SPEED>": "Set max upload speed per each torrent in bytes/sec. 0 means unrestricted. You can append K or M (1K = 1024, 1M = 1024K). To limit theoverall upload speed, use --max-overall-upload-limit option. Default: 0",
    "--peer-id-prefix=<PEER_ID_PREFIX>": "Specify the prefix of peer ID. The peer ID in BitTorrent is 20 byte length. If more than 20 bytes are specified, only first 20 bytes are used. If less than20 bytes are specified, random byte data are added to make its length 20 bytes. Default: aria2/$VERSION-, $VERSION is replaced by packageversion.",
    "--seed-ratio=<RATIO>": "Specify share ratio. Seed completed torrents until share ratio reaches RATIO. You are strongly encouraged to specify equals or more than 1.0 here.Specify 0.0 if you intend to do seeding regardless of share ratio. If --seed-time option is specified along with this option, seeding ends whenat least one of the conditions is satisfied. Default: 1.0",
    "--seed-time=<MINUTES>": "Specify seeding time in minutes. Also see the --seed-ratio option.",
    "--follow-metalink=true|false|mem": "If true or mem is specified, when a file whose suffix is .meta4 or .metalink or content type of application/metalink4+xmlor application/metalink+xml is downloaded, aria2 parses it as a metalink file and downloads files mentioned in it. If mem is specified, ametalink file is not written to the disk, but is just kept in memory. If false is specified, the action mentioned above is not taken. Default:true",
    "--metalink-base-uri=<URI>": "Specify base URI to resolve relative URI in metalink:url and metalink:metaurl element in a metalink file stored in local disk. If URI points to a directory,URI must end with /.",
    "-M, --metalink-file=<METALINK_FILE>": "The file path to .meta4 and .metalink file. Reads input from stdin when - is specified. You are not required to use this option because you canspecify .metalink files without --metalink-file.",
    "--metalink-language=<LANGUAGE>": "The language of the file to download.",
    "--metalink-location=<LOCATION>[,...]": "The location of the preferred server. A comma-delimited list of locations is acceptable, for example, jp,us.",
    "--metalink-os=<OS>": "The operating system of the file to download.",
    "--metalink-version=<VERSION>": "The version of the file to download.",
    "--metalink-preferred-protocol=<PROTO>": "Specify preferred protocol. The possible values are http, https, ftp and none. Specify none to disable this feature.Default: none",
    "--metalink-enable-unique-protocol[=true|false]": "If true is given and several protocols are available for a mirror in a metalink file, aria2 uses one of them. Use--metalink-preferred-protocol option to specify the preference of protocol. Default: true",
    "--enable-rpc[=true|false]": "Enable JSON-RPC/XML-RPC server. It is strongly recommended to set username and password using --rpc-user and --rpc-passwd option. See also--rpc-listen-port option. Default: false",
    "--pause[=true|false]": "Pause download after added. This option is effective only when --enable-rpc=true is given. Default: false",
    "--rpc-allow-origin-all[=true|false]": "Add Access-Control-Allow-Origin header field with value * to the RPC response. Default: false",
    "--rpc-certificate=<FILE>": "Use the certificate in FILE for RPC server. The certificate must be in PEM format. Use --rpc-private-key option to specify the private key. Use--rpc-secure option to enable encryption.",
    "--rpc-listen-all[=true|false]": "Listen incoming JSON-RPC/XML-RPC requests on all network interfaces. If false is given, listen only on local loopback interface. Default:false",
    "--rpc-listen-port=<PORT>": "Specify a port number for JSON-RPC/XML-RPC server to listen to. Possible Values: 1024 -65535 Default: 6800",
    "--rpc-max-request-size=<SIZE>": "Set max size of JSON-RPC/XML-RPC request. If aria2 detects the request is more than SIZE bytes, it drops connection. Default: 2M",
    "--rpc-passwd=<PASSWD>": "Set JSON-RPC/XML-RPC password.",
    "--rpc-private-key=<FILE>": "Use the private key in FILE for RPC server. The private key must be decrypted and in PEM format. Use --rpc-secure option to enable encryption. Seealso --rpc-certificate option.",
    "--rpc-save-upload-metadata[=true|false]": "Save the uploaded torrent or metalink metadata in the directory specified by --dir option. The filename consists of SHA-1 hash hex string of metadataplus extension. For torrent, the extension is '.torrent'. For metalink, it is '.meta4'. If false is given to this option, the downloads added byaria2.addTorrent() or aria2.addMetalink() will not be saved by --save-session option. Default: false",
    "--rpc-secure[=true|false]": "RPC transport will be encrypted by SSL/TLS. The RPC clients must use https scheme to access the server. For WebSocket client, use wss scheme. Use--rpc-certificate and --rpc-private-key options to specify the server certificate and private key.",
    "--rpc-user=<USER>": "Set JSON-RPC/XML-RPC user.",
    "--allow-overwrite[=true|false]": "Restart download from scratch if the corresponding control file doesn't exist. See also --auto-file-renaming option. Default: false",
    "--allow-piece-length-change[=true|false]": "If false is given, aria2 aborts download when a piece length is different from one in a control file. If true is given, you can proceed but some downloadprogress will be lost. Default: false",
    "--always-resume[=true|false]": "Always resume download. If true is given, aria2 always tries to resume download and if resume is not possible, aborts download. If false isgiven, when all given URIs do not support resume or aria2 encounters N URIs which does not support resume (N is the value specified using--max-resume-failure-tries option), aria2 downloads file from scratch. See --max-resume-failure-tries option. Default: true",
    "--async-dns[=true|false]": "Enable asynchronous DNS. Default: true",
    "--async-dns-server=<IPADDRESS>[,...]": "Comma separated list of DNS server address used in asynchronous DNS resolver. Usually asynchronous DNS resolver reads DNS server addresses from/etc/resolv.conf. When this option is used, it uses DNS servers specified in this option instead of ones in /etc/resolv.conf. You can specifyboth IPv4 and IPv6 address. This option is useful when the system does not have /etc/resolv.conf and user does not have the permission to createit.",
    "--auto-file-renaming[=true|false]": "Rename file name if the same file already exists. This option works only in HTTP(S)/FTP download. The new file name has a dot and a number(1..9999)appended. Default: true",
    "--auto-save-interval=<SEC>": "Save a control file(*.aria2) every SEC seconds. If 0 is given, a control file is not saved during download. aria2 saves a control file when it stopsregardless of the value. The possible values are between 0 to 600. Default: 60",
    "--conditional-get[=true|false]": "Download file only when the local file is older than remote file. This function only works with HTTP(S) downloads only. It does not work if file size isspecified in Metalink. It also ignores Content-Disposition header. If a control file exists, this option will be ignored. This function uses If-Modified-Sinceheader to get only newer file conditionally. When getting modification time of local file, it uses user supplied filename(see --out option) or filenamepart in URI if --out is not specified. To overwrite existing file, --allow-overwrite is required. Default: false",
    "--conf-path=<PATH>": "Change the configuration file path to PATH. Default: $HOME/.aria2/aria2.conf",
    "--console-log-level=<LEVEL>": "Set log level to output to console. LEVEL is either debug, info, notice, warn or error. Default: notice",
    "-D, --daemon[=true|false]": "Run as daemon. The current working directory will be changed to / and standard input, standard output and standard error will be redirected to/dev/null. Default: false",
    "--deferred-input[=true|false]": "If true is given, aria2 does not read all URIs and options from file specified by --input-file option at startup, but it reads one by one whenit needs later. This may reduce memory usage if input file contains a lot of URIs to download. If false is given, aria2 reads all URIs and options atstartup. Default: false",
    "--disable-ipv6[=true|false]": "Disable IPv6. This is useful if you have to use broken DNS and want to avoid terribly slow AAAA record lookup. Default: false",
    "--disk-cache=<SIZE>": "Enable disk cache. If SIZE is 0, the disk cache is disabled. This feature caches the downloaded data in memory, which grows to at most SIZE bytes.The cache storage is created for aria2 instance and shared by all downloads. The one advantage of the disk cache is reduce the disk I/O because the data arewritten in larger unit and it is reordered by the offset of the file. If hash checking is involved and the data are cached in memory, we don't need to readthem from the disk. SIZE can include K or M (1K = 1024, 1M = 1024K). Default: 0",
    "--download-result=<OPT>": "This option changes the way Download Results is formatted. If OPT is default, print GID, status, average download speed and path/URI. Ifmultiple files are involved, path/URI of first requested file is printed and remaining ones are omitted. If OPT is full, print GID, status, averagedownload speed, percentage of progress and path/URI. The percentage of progress and path/URI are printed for each requested file in each row. Default:default",
    "--enable-async-dns6[=true|false]": "Enable IPv6 name resolution in asynchronous DNS resolver. This option will be ignored when --async-dns=false. Default: false",
    "--enable-mmap[=true|false]": "Map files into memory. This option may not work if the file space is not pre-allocated. See --file-allocation.Default: false",
    "--event-poll=<POLL>": "Specify the method for polling events. The possible values are epoll, kqueue, port, poll and select. For eachepoll, kqueue, port and poll, it is available if system supports it. epoll is available on recent Linux. kqueue isavailable on various *BSD systems including Mac OS X. port is available on Open Solaris. The default value may vary depending on the system youuse.",
    "--file-allocation=<METHOD>": "Specify file allocation method. none doesn't pre-allocate file space. prealloc pre-allocates file space before download begins. This may takesome time depending on the size of the file. If you are using newer file systems such as ext4 (with extents support), btrfs, xfs or NTFS(MinGW build only),falloc is your best choice. It allocates large(few GiB) files almost instantly. Don't use falloc with legacy file systems such as ext3 and FAT32because it takes almost same time as prealloc and it blocks aria2 entirely until allocation finishes. falloc may not be available if your systemdoesn't have posix_fallocate(3) function. trunc uses ftruncate(2) system call or platform-specific counterpart to truncate a file to aspecified length.Possible Values: none, prealloc, trunc, falloc Default: prealloc",
    "--force-save[=true|false]": "Save download with --save-session option even if the download is completed or removed. This may be useful to save BitTorrent seeding which isrecognized as completed state. Default: false",
    "--gid=<GID>": "Set GID manually. aria2 identifies each download by the ID called GID. The GID must be hex string of 16 characters, thus [0-9a-zA-Z] are allowed and leadingzeros must not be stripped. The GID all 0 is reserved and must not be used. The GID must be unique, otherwise error is reported and the download is not added.This option is useful when restoring the sessions saved using --save-session option. If this option is not used, new GID is generated by aria2.",
    "--hash-check-only[=true|false]": "If true is given, after hash check using --check-integrity option, abort download whether or not download is complete. Default:false",
    "--human-readable[=true|false]": "Print sizes and speed in human readable format (e.g., 1.2Ki, 3.4Mi) in the console readout. Default: true",
    "--interface=<INTERFACE>": "Bind sockets to given interface. You can specify interface name, IP address and hostname. Possible Values: interface, IP address, hostname",
    "--max-resume-failure-tries=<N>": "When used with --always-resume=false, aria2 downloads file from scratch when aria2 detects N number of URIs that does not support resume. If N is0, aria2 downloads file from scratch when all given URIs do not support resume. See --always-resume option. Default: 0",
    "--log-level=<LEVEL>": "Set log level to output. LEVEL is either debug, info, notice, warn or error. Default: debug",
    "--on-bt-download-complete=<COMMAND>": "For BitTorrent, a command specified in --on-download-complete is called after download completed and seeding is over. On the other hand, this optionset the command to be executed after download completed but before seeding. See Event Hook for more details about COMMAND. Possible Values:/path/to/command",
    "--on-download-complete=<COMMAND>": "Set the command to be executed after download completed. See See Event Hook for more details about COMMAND. See also --on-download-stopoption. Possible Values: /path/to/command",
    "--on-download-error=<COMMAND>": "Set the command to be executed after download aborted due to error. See Event Hook for more details about COMMAND. See also --on-download-stopoption. Possible Values: /path/to/command",
    "--on-download-pause=<COMMAND>": "Set the command to be executed after download was paused. See Event Hook for more details about COMMAND. Possible Values:/path/to/command",
    "--on-download-start=<COMMAND>": "Set the command to be executed after download got started. See Event Hook for more details about COMMAND. Possible Values:/path/to/command",
    "--on-download-stop=<COMMAND>": "Set the command to be executed after download stopped. You can override the command to be executed for particular download result using--on-download-complete and --on-download-error. If they are specified, command specified in this option is not executed. See Event Hookfor more details about COMMAND. Possible Values: /path/to/command",
    "--piece-length=<LENGTH>": "Set a piece length for HTTP/FTP downloads. This is the boundary when aria2 splits a file. All splits occur at multiple of this length. This option will beignored in BitTorrent downloads. It will be also ignored if Metalink file contains piece hashes. Default: 1M",
    "--summary-interval=<SEC>": "Set interval in seconds to output download progress summary. Setting 0 suppresses the output. Default: 60",
    "--max-overall-download-limit=<SPEED>": "Set max overall download speed in bytes/sec. 0 means unrestricted. You can append K or M (1K = 1024, 1M = 1024K). To limit the downloadspeed per download, use --max-download-limit option. Default: 0",
    "--max-download-limit=<SPEED>": "Set max download speed per each download in bytes/sec. 0 means unrestricted. You can append K or M (1K = 1024, 1M = 1024K). To limitthe overall download speed, use --max-overall-download-limit option. Default: 0",
    "--no-conf[=true|false]": "Disable loading aria2.conf file.",
    "--no-file-allocation-limit=<SIZE>": "No file allocation is made for files whose size is smaller than SIZE. You can append K or M (1K = 1024, 1M = 1024K). Default:5M",
    "-P, --parameterized-uri[=true|false]": "Enable parameterized URI support. You can specify set of parts: http://{sv1,sv2,sv3}/foo.iso. Also you can specify numeric sequences with stepcounter: http://host/image[000-100:2].img. A step counter can be omitted. If all URIs do not point to the same file, such as the second example above,-Z option is required. Default: false",
    "-q, --quiet[=true|false]": "Make aria2 quiet (no console output). Default: false",
    "--realtime-chunk-checksum[=true|false]": "Validate chunk of data by calculating checksum while downloading a file if chunk checksums are provided. Default: true",
    "--remove-control-file[=true|false]": "Remove control file before download. Using with --allow-overwrite=true, download always starts from scratch. This will be useful for users behindproxy server which disables resume.",
    "--save-session=<FILE>": "Save error/unfinished downloads to FILE on exit. You can pass this output file to aria2c with --input-file option on restart. If you like the outputto be gzipped append a .gz extension to the file name. Please note that downloads added by aria2.addTorrent() and aria2.addMetalink() RPC methodand whose metadata could not be saved as a file are not saved. Downloads removed using aria2.remove() and aria2.forceRemove() will not be saved.GID is also saved with gid, but there are some restrictions, see below.",
    "--save-session-interval=<SEC>": "Save error/unfinished downloads to a file specified by --save-session option every SEC seconds. If 0 is given, file will be saved only whenaria2 exits. Default: 0",
    "--stop=<SEC>": "Stop application after SEC seconds has passed. If 0 is given, this feature is disabled. Default: 0",
    "--stop-with-process=<PID>": "Stop application when process PID is not running. This is useful if aria2 process is forked from a parent process. The parent process can fork aria2 withits own pid and when parent process exits for some reason, aria2 can detect it and shutdown itself.",
    "--truncate-console-readout[=true|false]": "Truncate console readout to fit in a single line. Default: true",
    "-v, --version": "Print the version number, copyright and the configuration information and exit."
}