{
    "-f config_file": "Specify the config file.",
    "-i interface": "Comma separated network interfaces listen to.",
    "-p pid_file": "Use this pid file. this file containis a pid number of the arpalert session. If the file exist and his locked, the deamon do not run.",
    "-e exec_script": "Script launched when an alert is send.",
    "-D log_level": "The level logged. The levels are between 0 (emergency) and 7 (debug). If 3 is selected all levels bitween 0 and 3 are logged.",
    "-l leases_file": "This file contain a dump of the mac address in memory (see config file).",
    "-m module file": "Specify a module file to load",
    "-d": "Run as daemon.",
    "-F": "Run in foreground.",
    "-v": "Watch on screen all the option selected (the options specified in config file and the default options)",
    "-h": "The help command line.",
    "-w": "Debug option: print a dump of packets captured.",
    "-P": "Set the interface in promiscuous mode (don't set this if only the arp analyse is used).",
    "-V": "Print version and quit."
}