{
    "-h -?": "Print help",
    "-l": "Dump arpd database to stdout and exit. Output consists of three columns: interface index, IP address and MAC address. Negative entries for dead hosts arealso shown, in this case MAC address is replaced by word FAILED followed by colon and time when the fact that host is dead was proven the last time.",
    "-f <FILE>": "Read and load arpd database from FILE in text format similar dumped by option -l. Exit after load, probably listing resulting database, if option -l isalso given. If FILE is -, stdin is read to get ARP table.",
    "-b <DATABASE>": "location of database file. Default location is /var/lib/arpd/arpd.db",
    "-a <NUMBER>": "arpd not only passively listens ARP on wire, but also send brodcast queries itself. NUMBER is number of such queries to make before destination isconsidered as dead. When arpd is started as kernel helper (i.e. with app_solicit enabled in sysctl or even with option -k) without this option and still didnot learn enough information, you can observe 1 second gaps in service. Not fatal, but not good.",
    "-k": "Suppress sending broadcast queries by kernel. It takes sense together with option -a.",
    "-n <TIME>": "Timeout of negative cache. When resolution fails arpd suppresses further attempts to resolve for this period. It makes sense only together with option -kThis timeout should not be too much longer than boot time of a typical host not supporting gratuitous ARP. Default value is 60 seconds.",
    "-R <RATE>": "Maximal steady rate of broadcasts sent by arpd in packets per second. Default value is 1.",
    "-B <NUMBER>": "Number of broadcasts sent by <tt/arpd/ back to back. Default value is 3. Together with option <tt/-R/ this option allows to police broadcasting notto exceed B+R*T over any interval of time T."
}