{
    "-c": "use specified configurationfile instead of default one",
    "-f": "also log to file",
    "-ns": "do not log tosyslog",
    "-nd": "do not run as a daemon",
    "-ndisc": "do not log discovery of new IP/MACpairs when there is neither conflict nor IP change",
    "-nout": "do not log ARPrequests from IP outside subnet",
    "-ndns": "do not log IP with no RDNS",
    "-ch": "minimum interval in seconds between two logs entry when a MAC uses multiplesIP",
    "-co": "min log interval between ip conflicts notification",
    "-tr": "min loginterval between two notifications of any trouble involving the same IP/MACaddresses"
}