{
    "-t, --table": "This option specifies the packet matching table which the command should operate on. If the kernel is configured with automatic module loading, an attemptwill be made to load the appropriate module for that table if it is not already there.The tables are as follows:",
    "-D, --delete": "Delete one or more rules from the selected chain. There are two versions of this command: the rule can be specified as a number in the chain (starting at 1for the first rule) or a rule to match.",
    "-I, --insert": "Insert one or more rules in the selected chain as the given rule number. So, if the rule number is 1, the rule or rules are inserted at the head of thechain. This is also the default if no rule number is specified.",
    "-R, --replace": "Replace a rule in the selected chain. If the source and/or destination names resolve to multiple addresses, the command will fail. Rules are numberedstarting at 1.",
    "-L, --list": "List all rules in the selected chain. If no chain is selected, all chains are listed. As every other arptables command, it applies to the specified table(filter is the default).Please note that it is often used with the -n option, in order to avoid long reverse DNS lookups. It is legal to specify the -Z (zero) option aswell, in which case the chain(s) will be atomically listed and zeroed. The exact output is affected by the other arguments given. The exact rules aresuppressed until you usearptables -L -v",
    "-F, --flush": "Flush the selected chain (all the chains in the table if none is given). This is equivalent to deleting all the rules one by one.",
    "-Z, --zero": "Zero the packet and byte counters in all chains. It is legal to specify the -L, --list (list) option as well, to see the counters immediately beforethey are cleared. (See above.)",
    "-N, --new-chain": "Create a new user-defined chain by the given name. There must be no target of that name already.",
    "-X, --delete-chain": "Delete the optional user-defined chain specified. There must be no references to the chain. If there are, you must delete or replace the referring rulesbefore the chain can be deleted. If no argument is given, it will attempt to delete every non-builtin chain in the table.",
    "-P, --policy": "Set the policy for the chain to the given target. See the section TARGETS for the legal targets. Only built-in (non-user-defined) chains can havepolicies, and neither built-in nor user-defined chains can be policy targets.",
    "-E, --rename-chain": "Rename the user specified chain to the user supplied name. This is cosmetic, and has no effect on the structure of the table.",
    "-d, --destination": "Destination specification. See the description of the -s (source) flag for a detailed description of the syntax. The flags --dst ,--tgt and --target are aliases for this option.",
    "-z, --source-hw": "Specify the source hardware (MAC) address of the packet. hwaddr (and mask, if specified) must consist of one or more 8-bit hexidecimal numbers, separated by':' characters. If the mask is not specified, it defaults to a number of 0xff octets equal to the length of the hwaddr specified, then 0s. The flags--source-mac , --src-hw , and --src-mac are aliases for this option.",
    "-y, --target-hw": "Specify the target hardware (MAC) address of the packet. This is similar to the --src-hw option. The flags --target-mac , --tgt-hw ,--tgt-mac , --dst-hw , and --dst-mac are all aliases for this option.",
    "-i, --in-interface": "Name of an interface via which a packet is going to be received (only for packets entering the IN chain). When the ! argument is used before theinterface name, the sense is inverted. If the interface name ends in a +, then any interface which begins with this name will match. If this option isomitted, any interface name will match.",
    "-o, --out-interface": "Name of an interface via which a packet is going to be sent (for packets entering the OUT chain). When the ! argument is used before the interfacename, the sense is inverted. If the interface name ends in a +, then any interface which begins with this name will match. If this option is omitted, anyinterface name will match.",
    "-a, --arhln": "Specify the hardware address length of the packet. Both the value and mask must be 8-bit hexidecimal numbers. Note that packets with an incorrect hardwareaddress length field may be dropped by the lower-level layers of the network stack, which may limit the usefulness of this option.",
    "-p, --arpop": "Specify the arp operation field of the packet. The value may be either a 16-bit hexidecimal number or one of the names Request, Reply,Request_Reverse, Reply_Reverse, DRARP_Request, DRARP_Reply, DRARP_Error, InARP_Request, or ARP_NAK. The mask (if specified) must be a 16-bithexidecicmal number.",
    "-H, --arhrd": "Specify the hardware type field of the packet. The value may be either a 16-bit hexidecimal number or the name Ethernet. The mask (if specified) must be a16-bit hexidecimal number.",
    "-w, --arpro": "Specify the protocol type field of the packet. The value may be eithe a 16-bit hexidecimal numebr or the name IPV4. The mask (if specified) must be a16-bit hexidecimal number.",
    "-j, --jump": "This specifies the target of the rule; i.e., what to do if the packet matches it. The target can be a user-defined chain (other than the one this rule isin), or one of the special builtin targets which decide the fate of the packet immediately. Unlike iptables, extensions are not yet implemented. If this optionis omitted in a rule, then matching the rule will have no effect on the packet's fate, but the counters on the rule will be incremented.",
    "-c, --set-counters": "This enables the administrator to initialize the packet and byte counters of a rule (during INSERT, APPEND, REPLACE operations).",
    "-n, --numeric": "Numeric output. IP addresses and port numbers will be printed in numeric format. By default, the program will try to display them as host names, networknames, or services (whenever applicable).",
    "-x, --exact": "Expand numbers. Display the exact value of the packet and byte counters, instead of only the rounded number in K's (multiples of 1000) M's (multiples of1000K) or G's (multiples of 1000M). This option is only relevant for the -L command.",
    "--line-numbers": "When listing rules, add line numbers to the beginning of each rule, corresponding to that rule's position in the chain.",
    "--modprobe=command": "When adding or inserting rules into a chain, use command to load any necessary modules (targets, match extensions, etc).",
    "--mangle-ip-d IP address": "Change the destination IP address of the packet to the specified value.",
    "--mangle-hw-s": "CHange the source hardware (MAC) address of the packet to the specified value.",
    "--mangle-hw-d": "Change the destination hardware (MAC) address of the packet to the specified value.",
    "--mangle-target": "Disposition of the packet. Valid targets are DROP, CONTINUE, or ACCEPT. If no --mangle-target option is specified, the default isACCEPT."
}