{
    "-a[cdghlmns]": "Turn on listings, in any of a variety of ways:-acomit false conditionals-adomit debugging directives-aginclude general information, like as version and options passed-ahinclude high-level source-alinclude assembly-aminclude macro expansions-anomit forms processing-asinclude symbols=fileset the name of the listing fileYou may combine these options; for example, use -aln for assembly listing without forms processing. The =file option, if used, must be thelast one. By itself, -a defaults to -ahls.",
    "--alternate": "Begin in alternate macro mode.",
    "-D": "When assembling files in directory old, record debugging information describing them as in new instead.",
    "--defsym": "Define the symbol sym to be value before assembling the input file. value must be an integer constant. As in C, a leading 0xindicates a hexadecimal value, and a leading 0 indicates an octal value. The value of the symbol can be overridden inside a source file via the use of a.set pseudo-op.",
    "-f": "Generate debugging information for each assembler source line using whichever debug format is preferred by the target. This currently means eitherSTABS , ECOFF or DWARF2 .",
    "--gstabs": "Generate stabs debugging information for each assembler line. This may help debugging assembler code, if the debugger can handle it.",
    "--gstabs+": "Generate stabs debugging information for each assembler line, with GNU extensions that probably only gdb can handle, and that could makeother debuggers crash or refuse to read your program. This may help debugging assembler code. Currently the only GNU extension is the locationof the current working directory at assembling time.",
    "--gdwarf-2": "Generate DWARF2 debugging information for each assembler line. This may help debugging assembler code, if the debugger can handle it.Note---this option is only supported by some targets, not all of them.",
    "--help": "Print a summary of the command line options and exit.",
    "--target-help": "Print a summary of all target specific options and exit.",
    "-I": "Add directory dir to the search list for .include directives.",
    "-J": "Keep (in the symbol table) local symbols. These symbols start with system-specific local label prefixes, typically .L for ELF systemsor L for traditional a.out systems.",
    "--listing-lhs-width=": "Set the maximum width, in words, of the output data column for an assembler listing to number.",
    "--listing-lhs-width2=": "Set the maximum width, in words, of the output data column for continuation lines in an assembler listing to number.",
    "--listing-rhs-width=": "Set the maximum width of an input source line, as displayed in a listing, to number bytes.",
    "--listing-cont-lines=": "Set the maximum number of lines printed in a listing for a single line of input to number + 1.",
    "-o": "Name the object-file output from as objfile.",
    "-R": "This option reduces GAS 's memory requirements, at the expense of making the assembly processes slower. Currently this switch is a synonymfor --hash-size=4051, but in the future it may have other effects as well.",
    "--statistics": "Print the maximum space (in bytes) and total time (in seconds) used by assembly.",
    "--strip-local-absolute": "Remove local absolute symbols from the outgoing symbol table.",
    "-v": "Print the as version.",
    "--version": "Print the as version and exit.",
    "-W": "Suppress warning messages.",
    "--fatal-warnings": "Treat warnings as errors.",
    "--warn": "Don't suppress warning messages or treat them as errors.",
    "-w": "Standard input, or source files to assemble.",
    "-EB | -EL": "Select either big-endian (-EB) or little-endian (-EL) output.",
    "-march=": "Specify which s390 processor variant is the target, g6, g6, z900, z990, z9-109, z9-ec, or z10.",
    "-mfpu=": "Select which Floating Point architecture is the target.",
    "-mfloat-abi=": "Select which floating point ABI is in use.",
    "-mthumb": "Enable Thumb only instruction decoding.",
    "-mapcs-32 | -mapcs-26 | -mapcs-float | -mapcs-reentrant": "Select which procedure calling convention is in use.",
    "-mthumb-interwork": "Specify that the code has been generated with interworking between Thumb and ARM code in mind.",
    "-k": "Specify which variant of the 960 architecture is the target.",
    "-b": "Do not alter compare-and-branch instructions for long displacements; error if necessary.",
    "-mip2022": "Restores the default behaviour, which restricts the permitted instructions to just the basic IP2022 ones.",
    "-m16c": "Assemble M16C instructions (the default).",
    "-relax": "Alter jump instructions for long displacements.",
    "-h-tick-hex": "Support H'00 style hex constants in addition to 0x00 style.",
    "--warn-explicit-parallel-conflicts or --Wp": "Produce warning messages when questionable parallel constructs are encountered.",
    "--no-warn-explicit-parallel-conflicts or --Wnp": "Do not produce warning messages when questionable parallel constructs are encountered.",
    "-m68881 | -m68882 | -mno-68881 | -mno-68882": "The target machine does (or does not) have a floating-point coprocessor. The default is to assume a coprocessor for 68020, 68030, and cpu32. Although thebasic 68000 is not compatible with the 68881, a combination of the two can be specified, since it's possible to do emulation of the coprocessor instructionswith the main processor.",
    "-m68851 | -mno-68851": "The target machine does (or does not) have a memory-management unit coprocessor. The default is to assume an MMU for 68020 and up.",
    "-mall": "Enable all instruction set extensions. This is the default.",
    "-mno-extensions": "Disable all instruction set extensions.",
    "-m": "Enable the instruction set extensions supported by a particular machine model, and disable all other extensions.",
    "-mshort": "Specify to use the 16-bit integer ABI .",
    "-mlong": "Specify to use the 32-bit integer ABI .",
    "-mshort-double": "Specify to use the 32-bit double ABI .",
    "-mlong-double": "Specify to use the 64-bit double ABI .",
    "--force-long-branches": "Relative branches are turned into absolute ones. This concerns conditional branches, unconditional branches and branches to a sub routine.",
    "-S | --short-branches": "Do not turn relative branches into absolute ones when the offset is out of range.",
    "--strict-direct-mode": "Do not turn the direct addressing mode into extended addressing mode when the instruction does not support direct addressing mode.",
    "--print-insn-syntax": "Print the syntax of instruction in case of error.",
    "--print-opcodes": "print the list of instructions with syntax and then exit.",
    "--generate-example": "print an example of instruction for each possible instruction and then exit. This option is only useful for testing as.",
    "-xarch=v8plus | -xarch=v8plusa": "For compatibility with the Solaris v9 assembler. These options are equivalent to -Av8plus and -Av8plusa, respectively.",
    "-bump": "Warn when the assembler switches to another architecture.",
    "-mcpu=": "Sets the CPU version being compiled for.",
    "-merrors-to-file": "Redirect error output to a file, for broken systems which don't support such behaviour in the shell.",
    "-EB": "Select the word size, either 31/32 bits or 64 bits.",
    "-mtune=": "Schedule and tune for a particular MIPS cpu.",
    "-mfix7000": "Cause nops to be inserted if the read of the destination register of an mfhi or mflo instruction occurs in the following two instructions.",
    "-mdebug": "Cause stabs-style debugging output to go into an ECOFF-style .mdebug section instead of the standard ELF .stabs sections.",
    "-mpdr": "Control generation of .pdr sections.",
    "-mgp32": "The register sizes are normally inferred from the ISA and ABI , but these flags force a certain group of registers to betreated as 32 bits wide at all times. -mgp32 controls the size of general-purpose registers and -mfp32 controls the size of floating-pointregisters.",
    "-mips16": "Generate code for the MIPS 16 processor. This is equivalent to putting .set mips16 at the start of the assembly file.-no-mips16 turns off this option.",
    "-msmartmips": "Enables the SmartMIPS extension to the MIPS32 instruction set. This is equivalent to putting .set smartmips at the start of theassembly file. -mno-smartmips turns off this option.",
    "-mips3d": "Generate code for the MIPS-3D Application Specific Extension. This tells the assembler to accept MIPS-3D instructions.-no-mips3d turns off this option.",
    "-mdmx": "Generate code for the MDMX Application Specific Extension. This tells the assembler to accept MDMX instructions.-no-mdmx turns off this option.",
    "-mdsp": "Generate code for the DSP Release 1 Application Specific Extension. This tells the assembler to accept DSP Release 1instructions. -mno-dsp turns off this option.",
    "-mdspr2": "Generate code for the DSP Release 2 Application Specific Extension. This option implies -mdsp. This tells the assembler to acceptDSP Release 2 instructions. -mno-dspr2 turns off this option.",
    "-mmt": "Generate code for the MT Application Specific Extension. This tells the assembler to accept MT instructions. -mno-mtturns off this option.",
    "--construct-floats": "The --no-construct-floats option disables the construction of double width floating point constants by loading the two halves of the value into thetwo single width floating point registers that make up the double width register. By default --construct-floats is selected, allowing construction ofthese floating point constants.",
    "--emulation=": "This option causes as to emulate as configured for some other target, in all respects, including output format (choosing betweenELF and ECOFF only), handling of pseudo-opcodes which may generate debugging information or store symbol table information, anddefault endianness. The available configuration names are: mipsecoff, mipself, mipslecoff, mipsbecoff, mipslelf,mipsbelf. The first two do not alter the default endianness from that of the primary target for which the assembler was configured; the others changethe default to little- or big-endian as indicated by the b or l in the name. Using -EB or -EL will override the endiannessselection in any case.This option is currently supported only when the primary target as is configured for is a MIPS ELF or ECOFF target.Furthermore, the primary target or others specified with --enable-targets=... at configuration time must include support for the other format, if bothare to be available. For example, the Irix 5 configuration includes support for both.Eventually, this option will support more configurations, with more fine-grained control over the assembler's behavior, and will be supported for moreprocessors.",
    "-nocpp": "as ignores this option. It is accepted for compatibility with the native tools.",
    "--trap": "Control how to deal with multiplication overflow and division by zero. --trap or --no-break (which are synonyms) take a trap exception (andonly work for Instruction Set Architecture level 2 and higher); --break or --no-trap (also synonyms, and the default) take a breakexception.",
    "-n": "Enable or disable the JSRI to BSR transformation. By default this is enabled. The command line option -nojsri2bsr canbe used to disable it.",
    "-sifilter": "Enable or disable the silicon filter behaviour. By default this is disabled. The default can be overridden by the -sifilter command lineoption.",
    "-mcpu=[210|340]": "Select the cpu type on the target hardware. This controls which instructions can be assembled.",
    "-mesa": "Select the architecture mode, either the Enterprise System Architecture (esa) or the z/Architecture mode (zarch).",
    "-mregnames": "Allow or disallow symbolic names for registers.",
    "-mwarn-areg-zero": "Warn whenever the operand for a base or index register has been specified but evaluates to zero.",
    "--absolute-literals | --no-absolute-literals": "Indicate to the assembler whether L32R instructions use absolute or PC-relative addressing. The default is to assume absolute addressing if theXtensa processor includes the absolute L32R addressing option. Otherwise, only the PC-relative L32R mode can be used.",
    "--target-align | --no-target-align": "Enable or disable automatic alignment to reduce branch penalties at the expense of some code density. The default is --target-align.",
    "--longcalls | --no-longcalls": "Enable or disable transformation of call instructions to allow calls across a greater range of addresses. The default is --no-longcalls.",
    "--transform | --no-transform": "Enable or disable all assembler transformations of Xtensa instructions. The default is --transform; --no-transform should be used only in therare cases when the instructions must be exactly as specified in the assembly source.",
    "--rename-section": "When generating output sections, rename the oldname section to newname.",
    "-r800": "Assemble for R800 processor.",
    "-ignore-undocumented-instructions": "Assemble undocumented Z80 instructions that also work on R800 without warning.",
    "-ignore-unportable-instructions": "Assemble all undocumented Z80 instructions without warning.",
    "-warn-undocumented-instructions": "Issue a warning for undocumented Z80 instructions that also work on R800.",
    "-warn-unportable-instructions": "Issue a warning for undocumented Z80 instructions that do not work on R800.",
    "-forbid-undocumented-instructions": "Treat all undocumented instructions as errors.",
    "-forbid-unportable-instructions": "Treat undocumented Z80 instructions that do not work on R800 as errors."
}