{
    "-h": "Print short help message and exit",
    "-V": "Print version info and exit",
    "-v": "Increase verbosity",
    "-q": "Decrease verbosity",
    "-C": "Output to stdout (for use in CGI environments)",
    "-R": "This flag will cause the compiler to try filenames like FooBar.as for classes named FooBar.",
    "-D": "Set a compile time variable (for doing conditional compilation)",
    "-X": "Set target SWF width",
    "-Y": "Set target SWF width",
    "-r": "Set target SWF framerate",
    "-M": "Set the name of the main class (extending flash.display.MovieClip)",
    "-l": "Include library file file. <file> can be an .abc or .swf file.",
    "-I": "Add additional include dir dir.",
    "-N": "Make output file local with networking",
    "-L": "Make output file local with filesystem",
    "-T": "num must be >= 9.",
    "-o": "Set output file to filename."
}