{
    "-h": "Help. Print the usage message and exit.",
    "-v": "Print program version information and exit.",
    "-m": "Accept deprecated HTML entities lacking final semicolon, e.g. &#x00E9 in place of &#x00E9;.",
    "-p": "Pure. Assume that the input consists entirely of escapes except for arbitrary (but non-null) amounts of separating whitespace.",
    "-q": "Be quiet. Do not chat unnecessarily.",
    "-Z <format>": "Convert input using the supplied format. The format specified will be used as the format string in a call to sscanf(3) with a single argumentconsisting of a pointer to an unsigned long integer. For example, to obtain the same results as with the -U flag, the format would be: \\u%04X."
}