{
    "-s": "Send a file.",
    "-r": "Receive a file. One of -s or -r must be present.",
    "-e": "Send the End-Of-File character (Control-Z, ASCII 26 by default) when uploading has finished.",
    "-d": "Use the Control-D (ASCII 4) as End-Of-File character.",
    "-n": "Do not translate CR to CRLF and vice versa.",
    "-v": "Verbose: show tranfer statistics on the stderr output.",
    "-l": "When transmitting, pause for this delay after each line.",
    "-c": "When transmitting, pause for this delay after each character."
}