{
    "-b, --backend": "Backend output file format: docbook, xhtml11 or html4. Defaults to xhtml11.",
    "-f, --conf-file": "Use configuration file CONF_FILE.Configuration files processed in command-line order (after implicit configuration files). This option may bespecified more than once.",
    "--doctest": "Run Python doctests in asciidoc module.",
    "-d, --doctype": "Document type: article, manpage or book. The book document type is only supported by the docbook backend. Defaultdocument type is article.",
    "-c, --dump-conf": "Dump configuration to stdout.",
    "-h, --help": "Print help TOPIC. --help=topics will print a list of help topics, --help=syntax summarizes AsciiDoc syntax,--help=manpage prints the AsciiDoc manpage.",
    "-e, --no-conf": "Exclude implicitly loaded configuration files except for those named like the input file (infile.conf and infile-backend.conf).",
    "-s, --no-header-footer": "Suppress document header and footer output.",
    "-o, --out-file": "Write output to file OUT_FILE. Defaults to the base name of input file with backend extension. If the input is stdin then the outfile defaultsto stdout. If OUT_FILE is - then the standard output is used.",
    "-n, --section-numbers": "Auto-number HTML article section titles. Synonym for -a numbered.",
    "--safe": "Enable safe mode. Safe mode is disabled by default.",
    "-v, --verbose": "Verbosely print processing information and configuration file checks to stderr.",
    "--version": "Print program version number."
}