{
    "-A": "Change the data structure that is internally used to store the symbol table. By default, AS uses binary trees to store macro and symbol definitions. Turningthis option on will change this to AVL-balanced trees. Depending on the ratio of symbol entries and lookups, this might speed up assembly. Using AVL-balancedtrees helps also reducing the stack usage, which is however irrelevant for the C version of AS.",
    "-a": "Instruct AS to write out the shared symbol definitions in a format suitable for including into an AS assembler program. The file's name is constructed byreplacing the source file's extension with '.inc'. See the user manual for more information about symbol sharing.",
    "-cpu <name>": "Set the target processor to <name>. Use this option if the source file does not contain a CPU statement.",
    "-alias <new name=old name>": "Define a CPU alias. An alias is a name that can be used as an argument to the CPU pseudo-instruction just like an intrinsic CPU type. Its usage will setthe same target as the old name, however the predefined symbols MOMCPU and MOMCPUNAME will be set to the new name. This option is primarily useful for adding anew member to a processor family that has the same core, but is different in its internal peripherals, thus allowing to distinguish between them.",
    "-C": "Add a cross reference table to the assembler listing. A cross reference table lists all symbols that have been referenced at least once during assembly,including the source line number(s) and count of every reference. This option only makes sense when the generation of an assembly listing has been turned onvia the -L or -l parameters.",
    "-c": "Instruct AS to write out the shared symbol definitions in a format suitable for including into a C program. The file's name is constructed by replacing thesource file's extension with '.h'. See the user manual for more information about symbol sharing.",
    "-D <name[=value]>[,...]": "Pre-define symbols. Predefined symbols are entered into the global symbol table prior to assembly of the source file(s). If no value is given for a symbol,it is assigned the integer value 1. Value expressions may contain arithmetic expressions as described in the user manual, but they may not reference any otherpredefined or internal symbols.",
    "-E [file]": "Force AS to send warning and error messages to file rather than to the standard error output. The file names !0 to !4 are used to refer to thestandard input, output, error, auxilliary, and printer channels predefined by the operating system (on some systems, some of these handles might not exist). Ifthe [file] specification is omitted, a name is constructed by replacing the source file's extension with '.log'.",
    "-g [MAP|Atmel|NoICE]": "Instruct AS to write an additional file containing debug information. This information covers the symbol table and the relation between source line numbersand machine addresses. The argument specifies whether debug info shall be written in AS's own MAP format, the object format for Atmel's AVR tools, or a commandfile suitable for John Hartman's NoICE. If no argument is given, MAP will be chosen. The file's name is constructed by replacing the source file's extensionwith '.map', '.obj', or '.noi' respectively.",
    "-gnuerrors": "Output errors and their location in the source code in a format similar to the GNU C compiler, thus making it easier to integrate AS into environmentsdesigned for this format. Note that in contrast to the standard format used by AS, locations inside are not reported!",
    "-h": "Force AS to print all hexadecimal constants with lowercase letters, rather than with uppercase letters A..F which is the default.",
    "-i <path[:path...]>": "Add new entries to the list of paths that are searched for include files. New entries are prepended to the current include path list, so if multiple pathsare given with one command-line parameter, they will be entered into the path list in reverse order.",
    "-I": "Add an include file list to the assembly listing. An include file list contains all files that have been included while assembling the source files,including multiple and nested inclusion. Nesting of inclusion is identified by different indention. This option only makes sense when the generation of anassembly listing has been turned on via the -L or -l parameters.",
    "-L": "Turn on generation of an assembly listing and send it to a file whose name is constructed by replacing the source file's extension with '.lst'.",
    "-l": "Turn on generation of an assembly listing and send it to the console.",
    "-M": "Turn on generation of a macro definition file. A macro definition file is a file that contains all macro definitions that have been detected duringassembly, in a format suitable for an inclusion into another file. The macro definition file's name is constructed by replacing the source file's extensionwith '.mac'.",
    "-n": "Force AS to extend all error and warning messages with their internal error resp. warning number.",
    "-noicemask [mask]": "By default, AS will only write symbols to the NoICE debug info that are located in the code segment. By changing this binary mask, more and/or differentmasks may be chosen. The assignment is bit 1=code, 2=data, 3=idata, 4=xdata, 5=ydata, 6=bitdata, 7=io, 8=reg, 9=romdata . Negating this option reverts the maskto code-only.",
    "-o <name>": "Tell AS to write the code output to a file <name>. By default, the code output file's name is constructed by replacing the source file's extensionwith '.p'. If multiple files are assembled with one command, this parameter may also be given multiply. If there are less output specifications than sourcefile names, AS will switch back to the default naming convention after all output specifications have been used up.",
    "-olist <name>": "Tell AS to write the assembly lsting to a file <name>, instead of a file with the standard name in the source file's directory. This option only makessense when an assembly listing has been requested via the '-L' option.",
    "-shareout <name>": "Tell AS to write shared symbol definitions to a file <name>, instead of constructing the name from the source file's name. See the user manual formore information about symbol sharing.",
    "-P": "Turn on generation of a macro output file. A macro output file contains the intermediate source code that remains after macro expansion and conditionalassembly. The macro output file's name is constructed by replacing the source file's extension with '.i'.",
    "-p": "Instruct AS to write out the shared symbol definitions in a format suitable for including into a Pascal or Modula-2 program. The file's name is constructedby replacing the source file's extension with '.inc'. See the user manual for more information about symbol sharing.",
    "-q or -quiet": "Turn on silent assembly mode. In silent compilation mode, AS will not do any console output except for warning and error messages.",
    "-r [pass number]": "Tell AS to output warnings when a situation appears in a source file that forces another pass of assembly. Such situations either take place when a symbolis undefined in the first pass or a symbol's value has changed compared to the previous pass. This option is useful to track down sources of excessivemulti-passing, but be aware that it might yield a fairly large number of warnings, especially in the first pass. Optionally, a pass number may be added to thisoption to inhibit output until a certain pass is reached.",
    "-s": "Add a section list to the assembly listing. A section list contains all sections that have been defined in the source files, marking their nesting level bydifferent levels of indentation. This option only makes sense when the generation of an assembly listing has been turned on via the -L or -lparameters.",
    "-t <mask>": "Turn on or off parts of the assembly listing that have no individual command line parameter. AS internally keeps an integer value whose bits representcertain components of the listing. A positive command line parameter (-t or /t) sets the bits set in <mask>, whereas a negated parameter (+t) resets thebits set in <mask>. The individual bits have the following meaning: bit 0 = source lines and generated machine code, bit 1 = symbol table, bit 2 = macrotable, bit 3 = function table, bit 4 = line numbering.",
    "-u": "Tell AS to do additional bookkeeping about which address ranges have been used by the assembled program. This option enables the detection of overlappingmemory usage. If an assembly listing has been turned on via the -L or -l parameters, it will also contain a list of all used memory areas.",
    "-U": "Force AS to operate in case-sensitive mode. By default, names of symbols, macros, user-defined functions and sections are treated in a case-insensitivemanner.",
    "-w": "Suppress output of warnings.",
    "-x": "Turn on extended error reporting. With extended error reporting, several error and warning messages will also print the item that created the message, e.g.the name of an unknown instruction. When this option is given twice, the erroneous source line is additinally printed."
}