{
    "-in filename": "the input file, default is standard input",
    "-out filename": "output file to place the DER encoded data into. If this option is not present then no data will be output. This is most useful when combinedwith the -strparse option.",
    "-noout": "don't output the parsed version of the input file.",
    "-offset number": "starting offset to begin parsing, default is start of file.",
    "-length number": "number of bytes to parse, default is until end of file.",
    "-i": "a file containing additional OBJECT IDENTIFIERs (OIDs). The format of this file is described in the NOTES sectionbelow.",
    "-strparse offset": "parse the contents octets of the ASN .1 object starting at offset. This option can be used multiple times to drill down into anested structure.",
    "-genstr string": "generate encoded data based on string, file or both using asn1_generate_nconf(3) format. If file only is present then the stringis obtained from the default section using the name asn1. The encoded data is passed through the ASN1 parser and printed out as though itcame from a file, the contents can thus be examined and written to a file using the out option."
}