{
    "--master=": "Base name of the dictionary to use. If this option is specified then Aspell will either use this dictionary or die.",
    "--dict-dir=": "Location of the main dictionary word list.",
    "--lang=": "Language to use. It follows the same format of the LANG environmental variable on most systems. It consists of the two letter ISO 639 language code and anoptional two letter ISO 3166 country code after a dash or underscore. The default value is based on the value of the LC_MESSAGES locale.",
    "--size=": "The preferred size of the dictionary word list. This consists of a two char digit code describing the size of the list, with typical values of: 10=tiny,20=really small, 30=small, 40=med-small, 50=med, 60=med-large, 70=large, 80=huge, 90=insane.",
    "--variety=": "Any extra information to distinguish this variety of dictionary from other dictionaries which may have the same lang and size.",
    "--jargon=": "Please use the variety option since it replaces jargon as a better choice. jargon will be removed in the future.",
    "--word-list-path=": "Search path for word list information files.",
    "--personal=": "Personal word list file name.",
    "--repl=": "Replacements list file name.",
    "--extra-dicts=": "Extra dictionaries to use.",
    "--ignore-accents": "This option is not yet implemented.",
    "--ignore=": "Ignore words <= <integer> characters in length.",
    "--ignore-case": "Ignore case when checking words.",
    "--ignore-repl": "Ignore commands to store replacement pairs.",
    "--save-repl": "Save the replacement word list on save all.",
    "--sug-mode=": "Suggestion <mode> = ultra|fast|normal|bad-spellers",
    "--add-filter=": "Add or remove a filter.",
    "--add-filter-path=": "Add or remove paths searched for filters.",
    "--mode=": "Sets the filter mode. Mode is one of none, url, email, html, tex or nroff. The alternative shortcut options are '-e' for email, '-H' for Html/Sgml,'-t' for Tex or '-n' for Nroff.",
    "--encoding=": "encoding the document is expected to be in. The default depends on the current locale.",
    "--add-email-quote=": "Add or Remove a list of email quote characters.",
    "--email-margin=": "Number of chars that can appear before the quote char.",
    "--add-html-check=": "Add or remove a list of HTML attributes to always check. For example, look inside alt= tags.",
    "--add-html-skip=": "Add or remove a list of HTML attributes to always skip while spell checking.",
    "--add-sgml-check=": "Add or remove a list of SGML attributes to always check for spelling.",
    "--add-sgml-skip=": "Add or remove a list of SGML attributes to always skip while spell checking.",
    "--sgml-extension=": "SGML file extensions.",
    "--tex-check-comments": "Check TeX comments.",
    "--add-tex-command=": "Add or Remove a list of TeX commands.",
    "--run-together": "Consider run-together words valid.",
    "--run-together-limit=": "Maximum number of words that can be strung together.",
    "--run-together-min=": "Minimal length of interior words.",
    "--conf=": "Main configuration file. This file overrides Aspell's global defaults.",
    "--conf-dir=": "Location of main configuration file.",
    "--data-dir=": "Location of language data files.",
    "--keyboard=": "Use this keyboard layout for suggesting possible words. These spelling errors happen if a user accidently presses a key next to the intended correct key.",
    "--local-data-dir=": "Alternative location of language data files. This directory is searched before data-dir.",
    "--home-dir=": "Directory Location for personal wordlist files.",
    "--per-conf=": "Personal configuration file. This file overrides options found in the global config file.",
    "--backup": "The aspell utility creates a backup file by making a copy and appending .bak to file name. This only applies when the command is check<file> and the backup file is only created if any spelling modifications take place.",
    "--byte-offsets": "Use byte offsets instead of character offsets.",
    "--guess": "Create missing root/affix combinations not in the dictionary in pipe mode.",
    "--keymapping=aspell": "The keymapping to use, either aspell for the default mapping or ispell to use the same mapping that the Ispell utility uses.",
    "--reverse": "Reverse the order of the suggestions list in pipe mode.",
    "--suggest": "Suggest possible replacements in pipe mode. If false, Aspell will simply report the misspelling and make no attempt at suggestions or possible corrections.",
    "--time": "Time the load time and suggest a time in pipe mode."
}