{
    "forceblackbackground = yes": "Use file as master configuration file instead of the default, /etc/asterisk/asterisk.conf",
    "-r": "Limit the generation of new channels when the amount of free memory has decreased to under memory megabytes. Equivalent to minmemfree =memory in asterisk.conf.",
    "-F": "Run as group group instead of the calling group. NOTE: this requires substantial work to be sure that Asterisk's environment has permission towrite the files required for its operation, including logs, its comm socket, the asterisk database, etc.",
    "-hProvide brief summary of command line arguments and terminate.-iPrompt user to intialize any encrypted private keys for IAX2 secure authentication during startup.-IEnable internal timing if DAHDI timing is available. The default behaviour is that outbound packets are phase locked to inbound packets. Enabling thisswitch causes them to be locked to the internal DAHDI timer instead.-L loadaverage": "Limits the maximum load average before rejecting new calls. This can be useful to prevent a system from being brought down by terminating too manysimultaneous calls.",
    "logger mute": "Limits the maximum number of calls to the specified value. This can be useful to prevent a system from being brought down by terminating too manysimultaneous calls.",
    "astcanary": "In combination with -r, connect directly to a specified Asterisk server socket.",
    "-tWhen recording files, write them first into a temporary holding directory, then move them into the final location when done.-TAdd timestamp to all non-command related output going to the console when running with verbose and/or logging to the console.-U user": "Run as user user instead of the calling user. NOTE: this requires substantial work to be sure that Asterisk's environment has permission towrite the files required for its operation, including logs, its comm socket, the asterisk database, etc.",
    "-v": "Connect to a running Asterisk process and execute a command on a command line, passing any output through to standard out and then terminating when thecommand execution completes. Implies -r when -R is not explicitly supplied."
}