{
    "-help": "Print out a message describing available options.",
    "-version": "Print out a version with/without list of available options.",
    "-display": "Attempt to open a window on the named X display (-d still respected). In the absence of this option, the display specified by the DISPLAYenvironment variable is used.",
    "-geometry": "Window geometry (-g still respected); resource geometry.",
    "-rv": "Turn on/off simulated reverse video; resource reverseVideo.",
    "-bg": "Window background colour; resource background.",
    "-fg": "Window foreground colour; resource foreground.",
    "-pixmap:": "Specify image file for the background and also optionally specify geometry of the image to be cut out of original image, to be used as background, with ageometry string. Note you may need to add quotes to avoid special shell interpretation of the ';' in the command-line; resource backgroundPixmap.",
    "-mst:": "Specify the name of the Afterstep MyStyle to be used as the base of aterm's look. ForeColor, BackColor, Font, BackPixmap (all texture options) will be usedfrom MyStyle definition, unless some other command line option is specifyed for the same setting. For example -fn will override MyStyle Font. This is availableonly if used with AfterStep 1.9.28 or later and if compiled with AfterStep libraries support ( --enable-afterstep-lib). resource MyStyle.",
    "-tr": "Turn on/off pseudo transparency mode. In this mode aterm will use part of root background as it's own background, emulating see-through effect;resource transparent.",
    "-trsb": "Turn on/off pseudo transparent scrollbar. Works the same as -tr; resource transpscrollbar.",
    "-tint": "Turn on pseudo transparency background tinting. Tinting can be done fast and slow way. In fast way it will be done by combining of background color withtinting color using logical function. This function defaults to AND, and it can be changed using -tinttype option - see below. In general solid colorslike Blue, Red, Green, Cyan, Magenta, Yellow are good, but you should experiment with it for each background you have. True tinting is more memory and CPUhungry - tinted copy of background image will be created every time you move/resize window. It alows for more smooth tinting thou. You need to build it with--enable-transparency=yes or --enable-background-imageyes option, to be able to use this feature. resource tinting.",
    "-sh": "This option allows for darkening/lightening of the background image amount is the %value of the desired brightness, where 100 is the original. ifamount is less then 100 - image will be darkened. if amount is less then 0 or more then 100 - image will be lightened. Lightening can cause somestrange looking effects if applied on bright image. This option causes aterm to create shaded/lightened copy of the background - it's more memory cosuming asthe result. It does not make much difference, though, if applied on non transparent background image. resource shading.",
    "-fade": "This option allows for darkening/lightening of colors when aterm is loosing focus. amount is the %value of the desired brightness, where 100 is theoriginal. if amount is less then 100 - colors will be darkened. if amount is less then 0 or more then 100 - colors will be lightened. Lighteningcan cause some strange looking effects if applied on bright colors. This option causes aterm to use more colors, as the result it is disabled by default. Use--enable-fading ./configure option to enable it. resource fading.",
    "-bgtype": "Specify type of the transformation to be performed on background image. Possible types are : tile - plain vanilla tiling of the image. scale- original image will be scaled to the aterm's size, every time you resize window. scalev - original image will be scaled to the aterm's height only,every time you resize window. scaleh - original image will be scaled to the aterm's width only, every time you resize window. center - originalimage will be centered in aterm's window. notile - background color will be padded to image's right/bottom to make it the same size as window is.notileh - background color will be padded to image's right to make it the same width as window is. notilev - background color will be padded toimage's bottom to make it the same height as window is.     cut - aterm background will be cut out of the source image, as if this source image wastiled across the root window. The portion of the image that lies underneath of window will be used.     If AfterStep Pager, asetroot or Esetroot where used toset the root image, then this option can be used in conjunction with -tr option. In this case it will do mentioned transformations to the root pixmap. and useit as aterm's background. resource backgroundType.",
    "-txttype": "Allows you to specify logical function to be used when displaying text. That will cause aterm to logically combine text with background pixels. That onlyworks with transparent background and background image. Possible values are : and, andReverse, andInverted, xor, or,nor, invert, equiv, invert, orReverse, orInverted, nand; resource textType.",
    "-tinttype": "Allows you to specify logical function to be used when tinting transparent background. That will cause aterm to logically combine text with backgroundpixels. NOTE: If shading option is used, or background image is specifyed - true type will always be used. That works with bpth transparent backgroundand background image. Possible values are :",
    "-cr": "The cursor colour; resource cursorColor.",
    "-pr": "The mouse pointer colour; resource pointerColor.",
    "-bd": "The colour of the border between the xterm scrollbar and the text; resource borderColor.",
    "-bl": "This option specifies that aterm should askwindow manager to not have a border around term's window; resource borderLess.",
    "-bw": "This option specifies the width in pixels of the border surrounding the window; resource borderWidth.",
    "-fn": "Main normal text font; resource font.",
    "-fb": "Main bold text font; resource boldFont.",
    "-fm": "Main multicharacter font; resource mfont.",
    "-ib": "Width of the internal border in pixels; resource internalBorder.",
    "-km": "Multiple-character font-set encoding mode; eucj: EUC Japanese encoding. sjis: Shift JIS encoding; resource multichar_encoding.",
    "-grk": "Greek keyboard translation; iso: ISO-8859 mapping. ibm: IBM-437 mapping; resource greek_keyboard.",
    "-name": "Specify the application name under which resources are to be obtained, rather than the default executable file name. Name should not contain '.' or '*'characters. Also sets the icon and title name.",
    "-ls": "Start as a login-shell/sub-shell; resource loginShell.",
    "-ut": "Inhibit/enable writing a utmp entry; resource utmpInhibit.",
    "-vb": "Turn on/off visual bell on receipt of a bell character; resource visualBell.",
    "-sb": "Turn on/off scrollbar; resource scrollBar.",
    "-si": "Turn on/off scroll-to-bottom on TTY output inhibit; resource scrollTtyOutput has opposite effect.",
    "-sk": "Turn on/off scroll-to-bottom on keypress; resource scrollKey.",
    "-sr": "Put scrollbar on right/left; resource scrollBar_right.",
    "-st": "Display scrollbar without/with a trough; resource scrollBar_floating.",
    "-iconic": "Start iconified, if the window manager supports that option.",
    "-sl": "Save number lines in the scrollback buffer; resource saveLines.",
    "-tn": "This option specifies the name of the terminal type to be set in the TERM environment variable. This terminal type must exist in thetermcap(5) database and should have li# and co# entries; resource termName.",
    "-e": "Run the command with its command-line arguments in the aterm window; also sets the window title and icon name to be the basename of the programbeing executed if neither -title (-T) nor -n are given on the command line. If this option is used, it must be the last on thecommand-line. If there is no -e option then the default is to run the program specified by the SHELL environment variable or, failing that,sh(1).",
    "-title": "Window title -T still respected); the default title is the basename of the program specified after the \\f3\\-e\\fP option, if any, otherwise theapplication name; resource title.",
    "-n": "Icon name; the default name is the basename of the program specified after the \\f3\\-e\\fP option, if any, otherwise the application name; resourceiconName.",
    "-C": "Capture system console messages.",
    "-shading:": "This option allows for darkening/lightening of the background image amount is the %value of the desired brightness, where 100 is the original. ifamount is less then 100 - image will be darkened. if amount is less then 0 or more then 100 - image will be lightened. Lightening can cause somestrange looking effects if applied on bright image. This option causes aterm to create shaded/lightened copy of the background - it's more memory cosuming asthe result. It does not make much difference, though, if applied on non transparent background image."
}