{
    "-visual visual": "Specify which visual to use. Legal values are the name of a visual class, or the id number (decimal or hex) of a specific visual.",
    "-window": "Draw on a newly-created window. This is the default.",
    "-root": "Draw on the root window.",
    "-whalespeed number": "Whale Speed. 0 - 1000. Default: 250.",
    "-delay number": "Shark Speed. 0 - 500.    Default: 100.",
    "-size number": "Shark Proximity. 100 - 10000.    Default: 6000.",
    "-count number": "Number of Sharks. 0 - 20. Default: 4.",
    "-texture | -no-texture": "Whether to show shimmering water.",
    "-gradient": "Whether to draw a gradient on the background, making it darker at the bottom.",
    "-wireframe": "Render in wireframe instead of solid.",
    "-fps | -no-fps": "Whether to show a frames-per-second display at the bottom of the screen."
}