{
    "-size WIDTHxHEIGHT": "Specifies size of the grid in squares.",
    "-sw dimension": "Specifies the width of squares in pixels.",
    "-sh dimension": "Specifies the height of squares in pixels.",
    "-gt dimension": "Grid tolerance. If the square dimensions fall below the specified value, grid will be automatically turned off.",
    "-grid, +grid": "Turns on or off the grid lines.",
    "-axes, +axes": "Turns on or off the major axes.",
    "-dashed, +dashed": "Turns on or off dashing for the frame and grid lines.",
    "-stippled, +stippled": "Turns on or off stippling of highlighted squares.",
    "-proportional, +proportional": "Turns proportional mode on or off. If proportional mode is on, square width is equal to square height. If proportional mode is off, bitmap will usethe smaller square dimension, if they were initially different.",
    "-dashesfilename": "Specifies the bitmap to be used as a stipple for dashing.",
    "-stipplefilename": "Specifies the bitmap to be used as a stipple for highlighting.",
    "-hl color": "Specifies the color used for highlighting.",
    "-fr color": "Specifies the color used for the frame and grid lines.",
    "-chars cc": "This option specifies the pair of characters to use when converting string bitmaps into arrays of numbers. The first character represents a 0 bit and thesecond character represents a 1 bit. The default is to use dashes (-) for 0's and sharp signs (#) for 1's.",
    "-name variable": "This option specifies the variable name to be used when writing out the bitmap file. The default is to use the basename of the filename command lineargument or leave it blank if the standard input is read.",
    "-xhot number": "This option specifies the X coordinate of the hotspot. Only positive values are allowed. By default, no hotspot information is included.",
    "-yhot number": "This option specifies the Y coordinate of the hotspot. Only positive values are allowed. By default, no hotspot information is included."
}