{
    "-S": "By default the timestamp at the beginning of a line is suppressed if more lines are shown for one interval. With this flag a timestamp is given for everyoutput-line (easier for post-processing).",
    "-a": "By default certain resources as disks and network interfaces are only shown when they were active during the interval. With this flag all resources of agiven type are shown, even if they were inactive during the interval.",
    "-x": "By default atopsar only uses colors if output is directed to a terminal (window). These colors might indicate that a critical occupation percentagehas been reached (red) or has been almost reached (cyan) for a particular resource. See the man-page of atop for a detailed description of this feature(section COLORS).With the flag -x the use of colors is suppressed unconditionally.",
    "-C": "By default atopsar only uses colors if output is directed to a terminal (window). These colors might indicate that a critical occupation percentagehas been reached (red) or has been almost reached (cyan) for a particular resource. See the man-page of atop for a detailed description of this feature(section COLORS).With the flag -C colors will always be used, even if output is not directed to a terminal.",
    "-M": "Use markers at the end of a line to indicate that a critical occupation percentage has been reached ('*') or has been almost reached ('+') for particularresources. The marker '*' is similar to the color red and the marker '+' to the color cyan. See the man-page of atop for a detailed description of thesecolors (section COLORS).",
    "-H": "Repeat the header line within a report for every N detail lines. The value of N is determined dynamically in case of output to a tty/window(depending on the number of lines); for output to a file or pipe this value is 23.",
    "-R": "Summarize cnt samples into one sample. When the logfile contains e.g. samples of 10 minutes, the use of the flag '-R 6' shows a report with onesample for every hour.",
    "-A": "Show all possible reports.",
    "-c": "Report about CPU utilization (in total and per cpu).",
    "-p": "Report about processor-related matters, like load-averages and hardware interrupts.",
    "-P": "Report about processes.",
    "-m": "Current memory- and swap-occupation.",
    "-s": "Report about paging- and swapping-activity, and overcommitment.",
    "-l": "Report about utilization of logical volumes.",
    "-f": "Report about utilization of multiple devices.",
    "-d": "Report about utilization of disks.",
    "-i": "Report about the network interfaces.",
    "-I": "Report about errors for network-interfaces.",
    "-w": "Report about IP version 4 network traffic.",
    "-W": "Report about errors for IP version 4 traffic.",
    "-y": "General report about ICMP version 4 layer activity.",
    "-Y": "Per-type report about ICMP version 4 layer activity.",
    "-u": "Report about UDP version 4 network traffic.",
    "-z": "Report about IP version 6 network traffic.",
    "-Z": "Report about errors for IP version 6 traffic.",
    "-k": "General report about ICMP version 6 layer activity.",
    "-K": "Per-type report about ICMP version 6 layer activity.",
    "-U": "Report about UDP version 6 network traffic.",
    "-t": "Report about TCP network traffic.",
    "-T": "Report about errors for TCP-traffic.",
    "-O": "Report about top-3 processes consuming most processor capacity.",
    "-G": "Report about top-3 processes consuming most resident memory.",
    "-D": "Report about top-3 processes issueing most disk transfers.",
    "-N": "Report about top-3 processes issueing most IPv4/IPv6 socket transfers."
}