{
    "--help": "This text",
    "--version": "Version information",
    "-V": "Increase debug output",
    "-q": "Print only the value on stdout",
    "-n": "The attribute's name",
    "-U": "Update the attribute's value in attrd. If this causes the value to change, it will also be updated in the cluster configuration",
    "-Q": "Query the attribute's value from attrd",
    "-D": "Delete the attribute in attrd. If a value was previously set, it will also be removed from the cluster configuration",
    "-R": "(Advanced) Force the attrd daemon to resend all current values to the CIB",
    "-l": "Lifetime of the node attribute. Allowed values: forever, reboot",
    "-d": "The time to wait (dampening) in seconds further changes occur",
    "-s": "(Advanced) The attribute set in which to place the value"
}