{
    "-window": "Install a private colormap for the window.",
    "-visual": "Specify which visual to use. Legal values are the name of a visual class, or the id number (decimal or hex) of a specific visual.",
    "-points integer": "How many control points should be used, or 0 to select the number randomly. Default 0. Between 3 and 15 works best.",
    "-threshold integer": "The distance (in pixels) from each particle at which the attractive force becomes repulsive. Default 100.",
    "-mode balls | lines | polygons | tails | splines | filled-splines": "In balls mode (the default) the control points are drawn as filled circles. The larger the circle, the more massive the particle.In lines mode, the control points are connected by straight lines; the effect is something like qix.In polygons mode, the control points are connected by straight lines, and filled in. This is most interesting in color.In splines mode, a closed spline is interpolated from the control points.In filled-splines mode, the splines are filled in instead of being outlines. This is most interesting in color.In tails mode, the path which each particle follows is indicated by a worm-like trail, whose length is controlled by the segmentsparameter.",
    "-size integer": "The size of the balls in pixels, or 0, meaning to select the sizes randomly (the default.) If this is specified, then all balls will be the same size. Thisoption has an effect in all modes, since the ''size'' of the balls controls their mass.",
    "-segments integer": "If in lines or polygons mode, how many sets of line segments or polygons should be drawn. Default 100. This has no effect in ballsmode. If segments is 0, then no segments will ever be erased (this is only useful in color.)",
    "-delay microseconds": "How much of a delay should be introduced between steps of the animation. Default 10000, or about 0.01 seconds.",
    "-color-shift int": "If on a color display, the color of the line segments or polygons will cycle through the color map. This specifies how many lines will be drawn before a newcolor is chosen. (When a small number of colors are available, increasing this value will yield smoother transitions.) Default 3. This has no effect inballs mode.",
    "-radius": "Initial velocity of the balls. This has no effect in -orbit mode.",
    "-orbit": "In orbit mode, the initial velocity of the balls is multiplied by this; a number less than 1 will make the balls pull closer together, and a larger numberwill make them move apart. The default is 0.9, meaning a slight inward pull.",
    "-viscosity float": "This sets the viscosity of the hypothetical fluid through which the control points move; the default is 1, meaning no resistance. Values higher than 1aren't interesting; lower values cause less motion.One interesting thing to try isattraction -viscosity 0.8 -points 75 \\  -mouse -geometry =500x500Give it a few seconds to settle down into a stable clump, and then move the mouse through it to make waves.",
    "-mouse": "Turns off -mouse.",
    "-mouse-size integer": "In -mouse mode, this sets the mass of the mouse (analagously to the -size parameter.)",
    "-nowalls": "This will cause the balls to continue on past the edge of the screen or window. They will still be kept track of and can come back.",
    "-walls": "Imposes a maximum speed (default). If a ball ends up going faster than this, it will be treated as though there were .9 viscosity until it is under thelimit. This stops the balls from continually accelerating (which they have a tendancy to do), but also causes balls moving very fast to tend to clump in thelower right corner.",
    "-nomaxspeed": "If this is specified, no maximum speed is set for the balls.",
    "-fast-bounce": "Uses the old, simple bouncing algorithm (default). This simply moves any ball that is out of bounds back to a wall and reverses its velocity. This worksfine for most cases, but under some circumstances, the simplification can lead to annoying effects.",
    "-correct-bounce": "Uses a more intelligent bouncing algorithm. This method actually reflects the balls off the walls until they are within bounds. This can be slow if ballsare bouncing a whole lot, perhaps because of -nomaxspeed.",
    "-graphmode none | x | y | both | speed": "For x, y, and both, displays the given velocities of each ball as a bar graph in the same window as the balls. For speed, displays the total speedof each ball. Default is none."
}