{
    "-window": "Draw on a newly-created window. This is the default.",
    "-root": "Draw on the root window.",
    "-install": "Install a private colormap for the window.",
    "-visual visual": "Specify which visual to use. Legal values are the name of a visual class, or the id number (decimal or hex) of a specific visual.",
    "-fps": "Display a running tally of how many frames per second are being rendered. In conjunction with -delay 0, this can be a useful benchmark of your GLperformance.",
    "-texture": "Show a textured tunnel. This is the default.",
    "-no-texture": "Disables texturing the animation.",
    "-wire": "Draw a wireframe rendition of the tunnel."
}