{
    "-file": "The output file format. The -? option will display a list of valid file formats.",
    "-data": "The output data format. The -? option will display a list of valid data formats. Note that each file format may only support selected data formats.",
    "-rate": "The output sampling rate (in hertz).",
    "-comment": "The comment to be stored in the output file.",
    "-volume": "The volume option can be used in two ways. If the argument is a percentage, the output file volume will be converted to the specified percentage of theinput volume. If the argument is the string 'max', the output file volume will be converted to its maximum level.",
    "-raw": "This option is used to convert raw audio data into a sound file. <data format> is the data format of the raw data. <num tracks>specifies the number of tracks in the raw data. You must also use the -file and -rate options when converting raw data.",
    "-?": "Displays a usage message and a list of supported file and data formats."
}