{
    "-h, --help": "Show summary of options.",
    "-r, --rew": "Skip backwards in playlist.",
    "-p, --play": "Start playing current playlist.",
    "-u, --pause": "Pause current song.",
    "-s, --stop": "Stop current song.",
    "-t, --play-pause": "Pause if playing, play otherwise.",
    "-f, --fwd": "Skip forward in playlist.",
    "-e, --enqueue": "Don't clear the playlist.",
    "-m, --show-main-window": "Show the main window.",
    "-v, --version": "Print version number and exit.",
    "-H, --headless": "Starts Audacious in headless mode."
}