{
    "-p": "Target file name/basename pattern; is subject to interpolation via MP3::Tag method interpolate(). Default is %{mA}%{n0}_%t;in simplest cases this uses 2-digit track number separated from the title by underscore. See interpolate in MP3::Tag for more details.Here is the explanation of the default value: due to semantic of escapes %{mA} and %{n0}, if TPOS frame (disk number) ispresent, it is encoded as a letter, and put before the track number. If the track number has a form N1/N2 (meaning track N1 of N2), then N1 is used,and padded by 0s to the width of N2. If N2 is not present, padding to width=2 is used.For example, if TPOS is 3/12, and track is 14/173, then what is prepended to the title is c014_; if there is noTPOS frame, and track is 4/8, 4_ is prepended without any leading 0.(If you want to modify the semantic of %{n0}, note that it is equivalent to %{n2:%{n0}}%{!n2:%02n}. So while %02{n0} willALWAYS 0-pad to at least width=2, the pattern %{n2:%{n0}}%{!n2:%03n} will 0-pad to width=3 in the case N2 is absent.",
    "-e": "\u2502-separated list of associated extensions; when renaming source.mp3 to target.mp3, the similar rename will be done to files withthe same basename, and extensions .ext1, .ext2, etc. Defaults to .inf\u2502.tag\u2502.id3.",
    "-x": "Controls expansion of escape characters. It should contain the letters of the command-line options where \\\\, \\n, \\t are interpolated. Default isnone.",
    "-@": "Patterns to parse before application of the rule -p. See mp3info2 for details.",
    "-C": "Configuration options for MP3::Tag. See mp3info2 for details."
}