{
    "-audio": "This option specifies the Network Audio System server on which the files should be played.",
    "-volume": "This option specifies the volume at which the data should be played as a percentage of the maximum possible volume. The default is 100 percent.",
    "-spacing": "This option specifies the number of milliseconds to wait in between each digit. The default is 100.",
    "-pause": "This option specifies the number of milliseconds to wait whenever a comma (,) is used in a dial string. The default is 400.",
    "-duration": "This option specifies the duration of each tone in milliseconds. The default is 100.",
    "-recognize": "Enables recognition mode. audial will attempt to recognize touch tones from the input device and output the corresponding character.",
    "-microphone": "Use microphone gain levels on the audio input device. If a microphone is plugged into the audio input jack, this option should be used.",
    "-gain": "This option specifies the input gain level. The default is 95.",
    "-time": "This option specifies how long to attempt the recognition. The default is forever."
}