{
    "-b ": "Set max number of outstanding audit buffers allowed (Kernel Default=64) If all buffers are full, the failure flag is consulted by the kernel for action.",
    "-e": "Set enabled flag. When 0 is passed, this can be used to temporarily disable auditing. When 1 is passed as an argument, it will enableauditing. To lock the audit configuration so that it can't be changed, pass a 2 as the argument. Locking the configuration is intended to be the lastcommand in audit.rules for anyone wishing this feature to be active. Any attempt to change the configuration in this mode will be audited and denied. Theconfiguration can only be changed by rebooting the machine.",
    "-f": "Set failure flag 0=silent 1=printk 2=panic. This option lets you determine how you want the kernel to handle critical errors. Exampleconditions where this flag is consulted includes: transmission errors to userspace audit daemon, backlog limit exceeded, out of kernel memory, and rate limitexceeded. The default value is 1. Secure environments will probably want to set this to 2.",
    "-h": "Help",
    "-i": "Ignore errors when reading rules from a file. This causes auditctl to always return a success exit code.",
    "-c": "Continue loading rules in spite of an error. This summarizes the results of loading the rules. The exit code will not be success if any rule fails to load.",
    "-C": "Build an inter-field comparison rule: field, operation, field. You may pass multiple comparisons on a single command line. Each one must start with-C. Each inter-field equation is anded with each other as well as equations starting with -F to trigger an audit record. There are 2 operatorssupported - equal, and not equal. Valid fields are:",
    "-k ": "Set a filter key on an audit rule. The filter key is an arbitrary string of text that can be up to 31 bytes long. It can uniquely identify the auditrecords produced by a rule. Typical use is for when you have several rules that together satisfy a security requirement. The key value can be searched on withausearch so that no matter which rule triggered the event, you can find its results. The key can also be used on delete all (-D) and list rules (-l) to selectrules with a specific key. You may have more than one key on a rule if you want to be able to search logged events in multiple ways or if you have an audispdplugin that uses a key to aid its analysis.",
    "-m ": "Send a user space message into the audit system. This can only be done if you have CAP_AUDIT_WRITE capability (normally the root user has this). Theresulting event will be the USER type.",
    "-p": "Describe the permission access type that a file system watch will trigger on. r=read, w=write, x=execute, a=attribute change.These permissions are not the standard file permissions, but rather the kind of syscall that would do this kind of thing. The read & write syscalls areomitted from this set since they would overwhelm the logs. But rather for reads or writes, the open flags are looked at to see what permission was requested.",
    "-q ": "If you have an existing directory watch and bind or move mount another subtree in the watched subtree, you need to tell the kernel to make the subtreebeing mounted equivalent to the directory being watched. If the subtree is already mounted at the time the directory watch is issued, the subtree isautomatically tagged for watching. Please note the comma separating the two values. Omitting it will cause errors.",
    "-r ": "Set limit in messages/sec (0=none). If this rate is non-zero and is exceeded, the failure flag is consulted by the kernel for action. Thedefault value is 0.",
    "-R ": "Read rules from a file. The rules must be 1 per line and in the order that they are to be executed in. The rule file must be owned by root and notreadable by other users or it will be rejected. The rule file may have comments embedded by starting the line with a '#' character. Rules that are read from afile are identical to what you would type on a command line except they are not preceded by auditctl (since auditctl is the one executing the file).",
    "-s": "Report the kernel's audit subsystem status. It will tell you the in-kernel values that can be set by -e, -f, -r, and -boptions. The pid value is the process number of the audit daemon. Note that a pid of 0 indicates that the audit daemon is not running. The lost entry will tellyou how many event records that have been discarded due to the kernel audit queue overflowing. The backlog field tells how many event records are currentlyqueued waiting for auditd to read them.",
    "-t": "Trim the subtrees after a mount command.",
    "-a ": "Append rule to the end of list with action. Please note the comma separating the two values. Omitting it will cause errors. The fields may bein either order. It could be list,action or action,list. The following describes the valid list names:",
    "-A ": "Add rule to the beginning list with action.",
    "-d ": "Delete rule from list with action. The rule is deleted only if it exactly matches syscall name(s) and every field name and value.",
    "-D": "Delete all rules and watches. This can take a key option (-k), too.",
    "-S": "Any syscall name or number may be used. The word 'all' may also be used. If the given syscall is made by a program, then start anaudit record. If a field rule is given and no syscall is specified, it will default to all syscalls. You may also specify multiple syscalls in the same rule byusing multiple -S options in the same rule. Doing so improves performance since fewer rules need to be evaluated. If you are on a bi-arch system, like x86_64,you should be aware that auditctl simply takes the text, looks it up for the native arch (in this case b64) and sends that rule to the kernel. If there are noadditional arch directives, IT WILL APPLY TO BOTH 32 & 64 BIT SYSCALLS. This can have undesirable effects since there is no guarantee that, for example,the open syscall has the same number on both 32 and 64 bit interfaces. You will likely want to control this and write 2 rules, one with arch equal to b32 andone with b64 to make sure the kernel finds the events that you intend. See the arch field discussion for more info.",
    "-F": "Build a rule field: name, operation, value. You may have up to 64 fields passed on a single command line. Each one must start with -F. Each fieldequation is anded with each other (as well as equations starting with -C) to trigger an audit record. There are 8 operators supported - equal, notequal, less than, greater than, less than or equal, and greater than or equal, bit mask, and bit test respectively. Bit test will and the values and checkthat they are equal, bit mask just ands the values. Fields that take a user ID may instead have the user's name; the program will convert the name to userID. The same is true of group names. Valid fields are:",
    "-w ": "Insert a watch for the file system object at path. You cannot insert a watch to the top level directory. This is prohibited by the kernel. Wildcardsare not supported either and will generate a warning. The way that watches work is by tracking the inode internally. If you place a watch on a file, its thesame as using the -F path option on a syscall rule. If you place a watch on a directory, its the same as using the -F dir option on a syscall rule. The -w formof writing watches is for backwards compatibility and the syscall based form is more expressive. Unlike most syscall auditing rules, watches do not impactperformance based on the number of rules sent to the kernel. The only valid options when using a watch are the -p and -k. If you need to anything fancy likeaudit a specific user accessing a file, then use the syscall auditing form with the path or dir fields. See the EXAMPLES section for an example of convertingone form to another.",
    "-W ": "Remove a watch for the file system object at path. The rule must match exactly. See -d discussion for more info."
}