{
    "-b": "When files are changed, preserve the originals in a file with extension '.augsave'",
    "-n": "Save changes in files with extension '.augnew', do not modify the original files",
    "-r": "Use directory ROOT as the root of the filesystem. Takes precedence over a root set with the AUGEAS_ROOT environmentvariable.",
    "-I": "Add DIR to the module loadpath. Can be given multiple times. The directories set here are searched before any directories specified in theAUGEAS_LENS_LIB environment variable, and before the default directory /usr/share/augeas/lenses.",
    "-f": "Read commands from FILE .",
    "-i": "Read commands from the terminal. When combined with -f or redirection of stdin, drop into an interactive session after executing the commands fromthe file.",
    "-e": "Automatically save all changes at the end of the session.",
    "-S": "Do not search any of the default directories for modules. When this option is set, only directories specified explicitly with -I or specified inAUGEAS_LENS_LIB will be searched for modules.",
    "-L": "Do not load any files on startup. This is generally used to fine-tune which files to load by modifying the entries in /augeas/load and thenissuing a load command.",
    "-A": "Do not load any lens modules, and therefore no files, on startup. This creates no entries under /augeas/load whatsoever; to read any files, theyneed to be set up manually and loading must be initiated with a load command. Using this option gives the fastest startup.",
    "--version": "Print version information and exit. The version is also in the tree under /augeas/version."
}