{
    "-audio": "This option specifies the Network Audio System server on which the files should be played.",
    "-volume": "This option specifies the volume at which the data should be played as a percentage of the maximum possible volume. The default is 100 percent.",
    "-i": "This option indicates that the header information associated with the sound data should be printed along with playing the data.",
    "-I": "This option indicates that the header information associated with the sound data should be printed instead of playing the data.",
    "-l": "This option indicates that a list of filenames is to be read from stdin. auplay will play these files after playing any files given explicitly ascommand line arguments."
}