{
    "-au": "Report about authentication attempts",
    "-a": "Report about avc messages",
    "-c": "Report about config changes",
    "-cr": "Report about crypto events",
    "-e": "Report about events",
    "-f": "Report about files",
    "--failed": "Only select failed events for processing in the reports. The default is both success and failed events.",
    "-h": "Report about hosts",
    "--help": "Print brief command summary",
    "-i": "Interpret numeric entities into text. For example, uid is converted to account name. The conversion is done using the current resources of the machinewhere the search is being run. If you have renamed the accounts, or don't have the same accounts on your machine, you could get misleading results.",
    "-if": "Use the given file instead if the logs. This is to aid analysis where the logs have been moved to another machine or only part of a log was saved.",
    "--input-logs": "Use the log file location from auditd.conf as input for analysis. This is needed if you are using aureport from a cron job.",
    "-k": "Report about audit rule keys",
    "-l": "Report about logins",
    "-m": "Report about account modifications",
    "-ma": "Report about Mandatory Access Control (MAC) events",
    "-n": "Report about anomaly events. These events include NIC going into promiscuous mode and programs segfaulting.",
    "--node": "Only select events originating from node name string for processing in the reports. The default is to include all nodes. Multiple nodes are allowed.",
    "-p": "Report about processes",
    "-r": "Report about responses to anomaly events",
    "-s": "Report about syscalls",
    "--success": "Only select successful events for processing in the reports. The default is both success and failed events.",
    "--summary": "Run the summary report that gives a total of the elements of the main report. Not all reports have a summary.",
    "-t": "This option will output a report of the start and end times for each log.",
    "--tty": "Report about tty keystrokes",
    "-te": "Search for events with time stamps equal to or before the given end time. The format of end time depends on your locale. If the date is omitted,today is assumed. If the time is omitted, now is assumed. Use 24 hour clock time rather than AM or PM to specify time. An example date using theen_US.utf8 locale is 09/03/2009. An example of time is 18:00:00. The date format accepted is influenced by the LC_TIME environmental variable.You may also use the word: now, recent, today, yesterday, this-week, week-ago, this-month,this-year. Today means starting now. Recent is 10 minutes ago. Yesterday is 1 second after midnight the previous day.This-week means starting 1 second after midnight on day 0 of the week determined by your locale (see localtime). This-month means 1 secondafter midnight on day 1 of the month. This-year means the 1 second after midnight on the first day of the first month.",
    "-tm": "Report about terminals",
    "-ts": "Search for events with time stamps equal to or after the given end time. The format of end time depends on your locale. If the date is omitted,today is assumed. If the time is omitted, midnight is assumed. Use 24 hour clock time rather than AM or PM to specify time. An example date usingthe en_US.utf8 locale is 09/03/2009. An example of time is 18:00:00. The date format accepted is influenced by the LC_TIME environmental variable.You may also use the word: now, recent, today, yesterday, this-week, this-month, this-year. Todaymeans starting at 1 second after midnight. Recent is 10 minutes ago. Yesterday is 1 second after midnight the previous day. This-weekmeans starting 1 second after midnight on day 0 of the week determined by your locale (see localtime). This-month means 1 second after midnighton day 1 of the month. This-year means the 1 second after midnight on the first day of the first month.",
    "-u": "Report about users",
    "-v": "Print the version and exit",
    "-x": "Reportabout executables"
}