{
    "-a": "Search for an event based on the given event ID. Messages always start with something like msg=audit(1116360555.329:2401771). The event ID is thenumber after the ':'. All audit events that are recorded from one application's syscall have the same audit event ID. A second syscall made by the sameapplication will have a different event ID. This way they are unique.",
    "-c": "Search for an event based on the given comm name. The comm name is the executable's name from the task structure.",
    "-e, ": "Search for an event based on the given syscall exit code or errno.",
    "-f": "Search for an event based on the given filename.",
    "-ga": "Search for an event with either effective group ID or group ID matching the given group ID.",
    "-ge": "Search for an event with the given effective group ID or group name.",
    "-gi": "Search for an event with the given group ID or group name.",
    "-h": "Help",
    "-hn": "Search for an event with the given host name. The hostname can be either a hostname, fully qualified domain name, or numeric network address. Noattempt is made to resolve numeric addresses to domain names or aliases.",
    "-i": "Interpret numeric entities into text. For example, uid is converted to account name. The conversion is done using the current resources of the machinewhere the search is being run. If you have renamed the accounts, or don't have the same accounts on your machine, you could get misleading results.",
    "-if": "Use the given file instead of the logs. This is to aid analysis where the logs have been moved to another machine or only part of a log was saved.",
    "--input-logs": "Use the log file location from auditd.conf as input for searching. This is needed if you are using ausearch from a cron job.",
    "--just-one": "Stop after emitting the first event that matches the search criteria.",
    "-k": "Search for an event based on the given key string.",
    "-l": "Flush output on every line. Most useful when stdout is connected to a pipe and the default block buffering strategy is undesirable. May impose aperformance penalty.",
    "-m": "Search for an event matching the given message type. You may also enter a comma separated list of message types. There is an ALLmessage type that doesn't exist in the actual logs. It allows you to get all messages in the system. The list of valid messages types is long. The program willdisplay the list whenever no message type is passed with this parameter. The message type can be either text or numeric. If you enter a list, there can be onlycommas and no spaces separating the list.",
    "-n": "Search for events originating from node name string. Multiple nodes are allowed, and if any nodes match, the event is matched.",
    "-o": "Search for event with tcontext (object) matching the string.",
    "-p": "Search for an event matching the given process ID.",
    "-pp": "Search for an event matching the given parent process ID.",
    "-r": "Output is completely unformatted. This is useful for extracting records that can still be interpreted by audit tools.",
    "-sc": "Search for an event matching the given syscall. You may either give the numeric syscall value or the syscall name. If you give the syscall name, itwill use the syscall table for the machine that you are using.",
    "-se": "Search for event with either scontext/subject or tcontext/object matching the string.",
    "--session": "Search for events matching the given Login Session ID. This process attribute is set when a user logs in and can tie any process to a particular userlogin.",
    "-su": "Search for event with scontext (subject) matching the string.",
    "-sv": "Search for an event matching the given success value. Legal values are yes and no.",
    "-te": "Search for events with time stamps equal to or before the given end time. The format of end time depends on your locale. If the date is omitted,today is assumed. If the time is omitted, now is assumed. Use 24 hour clock time rather than AM or PM to specify time. An example date using theen_US.utf8 locale is 09/03/2009. An example of time is 18:00:00. The date format accepted is influenced by the LC_TIME environmental variable.You may also use the word: now, recent, today, yesterday, this-week, week-ago, this-month,this-year. Today means starting now. Recent is 10 minutes ago. Yesterday is 1 second after midnight the previous day.This-week means starting 1 second after midnight on day 0 of the week determined by your locale (see localtime). This-month means 1 secondafter midnight on day 1 of the month. This-year means the 1 second after midnight on the first day of the first month.",
    "-ts": "Search for events with time stamps equal to or after the given end time. The format of end time depends on your locale. If the date is omitted,today is assumed. If the time is omitted, midnight is assumed. Use 24 hour clock time rather than AM or PM to specify time. An example date usingthe en_US.utf8 locale is 09/03/2009. An example of time is 18:00:00. The date format accepted is influenced by the LC_TIME environmental variable.You may also use the word: now, recent, today, yesterday, this-week, this-month, this-year. Todaymeans starting at 1 second after midnight. Recent is 10 minutes ago. Yesterday is 1 second after midnight the previous day. This-weekmeans starting 1 second after midnight on day 0 of the week determined by your locale (see localtime). This-month means 1 second after midnighton day 1 of the month. This-year means the 1 second after midnight on the first day of the first month.",
    "-tm": "Search for an event matching the given terminal value. Some daemons such as cron and atd use the daemon name for the terminal.",
    "-ua": "Search for an event with either user ID, effective user ID, or login user ID (auid) matching the given user ID.",
    "-ue": "Search for an event with the given effective user ID.",
    "-ui": "Search for an event with the given user ID.",
    "-ul": "Search for an event with the given login user ID. All entry point programs that are pamified need to be configured with pam_loginuid required forthe session for searching on loginuid (auid) to be accurate.",
    "-uu": "Search for an event with the given guest UUID.",
    "-v": "Print the version and exit",
    "-vm": "Search for an event with the given guest name.",
    "-w": "String based matches must match the whole word. This category of matches include: filename, hostname, terminal, and SE Linux context.",
    "-x": "Search for an event matching the given executable name."
}