{
    "--(no)get": "Do (don't do) the get part.",
    "--url": "Ftp site to check. (Implies --dld). If path has a trailing / all sub directories corresponding to architectures suitable for the system will be checked.Currently file, ftp, http(s) (requires lwp(3)), and sftp (requires Net::SFTP(3)) are supported. The default is ftp.",
    "--dldconfig": "Ftp configuration files in /etc/autoupdate.d/ to include. (Implies --dld).",
    "--(no)dldnew": "Get all new files from remote site. Not only those in the distribution.",
    "--dldunknown": "Get unknown files which are not in the provides database.",
    "--(no)getall": "Also look for upgrades during get mode.",
    "--(no)getsamebase": "Get all packages with the same base name as well.",
    "--(no)dldrecursive": "Do (don't) recursively descent through directories at the remote site.",
    "--dlddirinclude": "Include only directories matching the regular expression during recursive descent.",
    "--dldrpminclude": "Include only rpms whose filename including full path match the regular expresion.",
    "--dlddbinclude": "Include only data bases whose filename including full path match the regular expresion.",
    "--(no)dldaddinstalled": "Always add installed rpms for comparison during download. (Even if a distribution directory is given.)",
    "--(no)dldmatch": "Apply Include/Exclude match to rpms selected for download. Otherwise only to rpms selected for update.",
    "--(no)bestmatch": "Only download the rpm which matches your machine best.",
    "--(no)removebad": "Do (don't) remove bad rpms (e.g., bad checksum) from the updates directory.",
    "--(no)timestamps": "Do (don't) use timestamps when checking for updates.",
    "--(no)passive": "Use (don't use) passive ftp.",
    "--lwpproxy url": "URL which will be passed as a proxy to LWP.",
    "--lwpprotocols pro1[,pro2,..]": "Use the LWP modules for these protocols.",
    "--(no)addtodb": "Add the content of updatedir or the rpms given on the command line to the provides database.",
    "--adddbentry": "Add an entry to the provides database.",
    "--deldbentry": "Delete an entry from the provides database.",
    "--mergedb": "Merge the given database file with the provides database.",
    "--createdb": "Create given database file.",
    "--(no)autoinfo": "Do (don't) generate autoinfo information.",
    "--(no)autoinfofile": "Create given autoinfo file.",
    "--autoinfobasedir": "Add this dir as basedir to the autoinfo file.",
    "--(no)autoinfoprovides": "Do (don't) include provides information in autoinfo list.",
    "--(no)dlduseautoprovides": "Do (don't) use provides databases found on remote servers.",
    "--(no)dlduseautoinfo": "Do (don't) use autoinfo files found on remote servers.",
    "--(no)dldusesynthesis": "Do (don't) use urpmi synthesis databases found on remote servers.",
    "--(no)dlduseheaderinfo": "Do (don't) use header.info found on remote servers.",
    "--(no)update": "Do (don't do) the update part.",
    "--(no)install": "Do (don't do) install part.",
    "--(no)kernel": "Do (don't do) install new kernel rpms.",
    "--(no)initrd": "Do (don't do) create an initial ram disk for new kernels. If this is off, so is boot from below.",
    "--(no)boot": "Do (don't do) add new kernels to the boot manager.",
    "--(no)checksize": "Do (don't) check the size of all given rpms.",
    "--(no)checksig": "Do (don't) check rpm signature before upgrading.",
    "--(no)checkgpg": "Do (don't) check rpm gpg signature before upgrading. Will fail if no gpg signature is present.",
    "--(no)checkmodified": "Do (don't) check that the local rpm is unmodified before upgrading.",
    "--(no)checkvendor": "Do (don't) check that old vendor strings matches the new one during upgrade.",
    "--gpghome": "Set the GNUPGHOME enviroment variable to this directory.",
    "--(no)repackage": "Do (don't) call rpm with the repackage option.",
    "--rpmoption": "Use the additional rpm option '--opt' during upgrade.",
    "--(no)resolve": "Do (don't) install new rpms to satisfy dependencies.",
    "--(no)resolveuserpmdb": "Try to resolve dependencies using the rpm data base.",
    "--(no)resolveavoidnew": "Try to avoid adding new rpms to resolve dependencies.",
    "--(no)resolveuninstall": "Try to uninstall packages which have unresolvable dependencies.",
    "--(no)resolveallatonce": "Try to upgrade all packages at once.",
    "--(no)resolvekernelnodeps": "Install kernel rpms with nodeps option.",
    "--distmode": "Same as: kernel,resolve{allatonce,uninstall,kernelnodeps}",
    "--(no)checkoldrequirements": "Check old packages for missing requirements.",
    "--(no)recursive": "Do (don't) recursively descent through all subdirectories of local directories.",
    "--updatedir": "Directory where the updates are stored. If the directory ends in two slashes, all sub directories corresponding to architectures suitable for the systemwill be checked. Moreover, all downloaded rpms will be stored according to architectures as well in this case.",
    "--installdir": "Directory where the new rpms are stored. Same as above but for use with the install option. Default is to use the updates directory.",
    "--rpmdir": "Directory where the distribution rpms are stored.",
    "--postupdatescript": "Script to execute after upgrading rpms. An empty string will disable this feature.",
    "--postdldscript": "Script to execute after downloading rpms. An empty string will disable this feature.",
    "--distversion": "Distribution version. The string #DistVersion# will be replaced by this string in the update, install and rpm directories and in the default provides database name.",
    "--distname": "Distribution name. Similar to distribution version.",
    "--distlang": "Distribution language. The string #DistLang# will be replaced by this string in the update, install and rpm directories. Defaults to en.",
    "--define": "User defined variable. The string #name# will be replaced by this string in the update, install and rpm directories.",
    "--distarch": "Distribution architecture. The string #DistArch# will be replaced by this string in the update, install and rpm directories.",
    "--database": "Location of the provides database to use.",
    "--(no)usedb": "Use the provides database",
    "--(no)databasero": "Do not write to the provides database.",
    "--(no)lock": "Do (don't) create a lock file (/var/lock/autoupdate.pid).",
    "--(no)log": "Do (don't) log all updated, installed rpms to the log file.",
    "--logfile": "Location of the log file to use.",
    "--(no)cleanup": "Do (don't) remove old rpms after upgrading.",
    "--(no)cleanupkernel": "Do (don't) remove kernel rpms which have been removed from the boot manager.",
    "--(no)bootaddasnew": "Add the tag -new (-old) to the label of the new (current) image upon kernel upgrade (unless the image contains the full version string).",
    "--exclude": "Exclude rpms matching (perl) regular expression. Can be used one or more times. The default is to exclude kernel packages.",
    "--include": "Include rpms matching (perl) regular expression. Can be used one or more times.",
    "--(no)merge": "Merge all new rpms into the distribution directory.",
    "--(no)mergematch": "Apply Include/Exclude match to rpms selected for merging. Otherwise only to rpms selected for update.",
    "--(no)mergeall": "Merge (i.e, copy) rpms for which no local version exists as well.",
    "--(no)purge": "Remove old versions from the updates directory.",
    "--arch": "Comps file to parse.",
    "--compsdefault 0|1|2": "Type of packages from an (xml) comps group to include.",
    "--languages": "Languages to accept when parsing a comps file.",
    "--config": "Configuration file to read instead of the default one.",
    "--compare": "Compare two version strings. Output 0 if they are equal, 1 if the first is newer and -1 if the second is newer.",
    "--showlatest": "Select the latest version of each given rpm. Output will depend on the bestmatch and checklocal options.",
    "--checklocal": "Check against local rpms during showlatest. If set to 1, select only rpms for which an older local version exists. If set to 2, selectalso rpms for which no local version exists.",
    "--whatprovides": "Query the provides database.",
    "--requires": "List all requirements for the given rpms (using the provides database to resolve requirements).",
    "--requiresxml": "Same as above but produces xml output suitable for inclusion in an xml comps file.",
    "--test": "Be (don't be) verbose.",
    "--(no)hash": "Print hash marks when installing rpms.",
    "--(no)quiet": "Be (don't be) quiet.",
    "--(no)warnings": "Do (don't) display warnings.",
    "--(no)rpmnamewarnings": "Display warnings about bad rpm names.",
    "--(no)fixrpmnames": "Fix rpm names after donwloading. That is, if the filename of a downloaded rpm is not of the form name-version-release.arch.rpm, it will berenamed.",
    "--debug": "Turn on debugging information.",
    "--(no)debugftp": "Turn on debugging information for ftp actions.",
    "--(no)debuglwp": "Turn on debugging information for lwp actions.",
    "--(no)debugrpm": "Turn on debugging information for rpm selection.",
    "--(no)debugcomps": "Turn on debugging information for comps parsing.",
    "--version": "Print the version and exit."
}