{
    "-h": "print this help, then exit",
    "-V": "print version number, then exit",
    "-v": "verbosely report processing",
    "-d": "don't remove temporary files",
    "-f": "consider all files obsolete",
    "-o": "save output in FILE (stdout is the default)",
    "-W": "report the warnings falling in CATEGORY [syntax]",
    "-B": "prepend directory DIR to search path",
    "-I": "append directory DIR to search path",
    "-t": "report the list of calls to MACRO",
    "-i": "also trace Autoconf's initialization process"
}