{
    "-h": "print this help, then exit",
    "-V": "print version number, then exit",
    "-v": "verbosely report processing",
    "-d": "don't remove temporary files",
    "-f": "consider all files obsolete",
    "-i": "copy missing auxiliary files",
    "--no-recursive": "don't rebuild sub-packages",
    "-s": "with -i, install symbolic links instead of copies",
    "-m": "when applicable, re-run ./configure && make",
    "-W": "report the warnings falling in CATEGORY [syntax]",
    "-B": "prepend directory DIR to search path",
    "-I": "append directory DIR to search path"
}