{
    "-h": "print this help, then exit",
    "-V": "print version number, then exit",
    "-v": "verbosely report processing",
    "-d": "don't remove temporary files",
    "-o": "save output in FILE (defaults to '-', stdout)",
    "-f": "don't rely on cached values",
    "-W": "report the warnings falling in CATEGORY",
    "-l": "specify the set of M4 macros to use",
    "-C": "preserve results for future runs in DIRECTORY",
    "--no-cache": "disable the cache",
    "-m": "change the non trace output file mode (0666)",
    "-M": "don't use M4 frozen files",
    "-B": "prepend directory DIR to search path",
    "-I": "append directory DIR to search path",
    "-t": "report the MACRO invocations",
    "-p": "prepare to trace MACRO in a future run",
    "-F": "produce an M4 frozen state file for FILES"
}