{
    "--help": "print this help, then exit",
    "--version": "print version number, then exit",
    "-v": "verbosely list files processed",
    "--no-force": "only update Makefile.in's that are out of date",
    "-W": "report the warnings falling in CATEGORY",
    "-i": "disable dependency tracking code",
    "--include-deps": "enable dependency tracking code",
    "--cygnus": "assume program is part of Cygnus-style tree",
    "--foreign": "set strictness to foreign",
    "--gnits": "set strictness to gnits",
    "--gnu": "set strictness to gnu",
    "-a": "add missing standard files to package",
    "--libdir": "directory storing library files",
    "-c": "with -a, copy missing files (default is symlink)",
    "-f": "force update of standard files"
}