{
    "-p, --pid-file": "Write the pid of the daemon to the specified file.",
    "-t, --timeout": "Set the global minimum timeout, in seconds, until directories are unmounted. The default is 10 minutes. Setting the timeout to zero disables umountscompletely.",
    "-n <seconds>, --negative-timeout <seconds>": "Set the default timeout for caching failed key lookups. The default is 60 seconds.",
    "-v, --verbose": "Enables logging of general status and progress messages for all autofs managed mounts.",
    "-d, --debug": "Enables logging of general status and progress messages as well as debuging messages for all autofs managed mounts.",
    "-Dvariable=value": "Define a global macro substitution variable. Global definitions are over-ridden macro definitions of the same name specified in mount entries.",
    "-f, --foreground": "Run the daemon in the forground and log to stderr instead of syslog.",
    "-r, --random-multimount-selection": "Enables the use of ramdom selection when choosing a host from a list of replicated servers.",
    "-O, --global-options": "Allows the specification of global mount options used for all master map entries. These options will either replace or be appened to options given in amaster map entry depending on the APPEND_OPTIONS configuration setting.",
    "-V, --version": "Display the version number, then exit.",
    "-l, --set-log-priority priority path [path,...]": "Set the daemon log priority to the specified value. Valid values include the numbers 0-7, or the strings emerg, alert, crit, err, warning, notice, info, ordebug. Log level debug will log everything, log levels info, warn (or warning), or notice with enable the daemon verbose logging. Any other level will setbasic logging. Note that enabling debug or verbose logging in the autofs global configuration will override dynamic log level changes. For example, if verboselogging is set in the configuration then attempting to set logging to basic logging, by using alert, crit, err or emerg won't stop the verbose logging.However, setting logging to debug will lead to everything (debug logging) being logged witch can then also be disabled, returning the daemon to verboselogging."
}