{
    "-s, --set name=value": "set value of configuration parameter",
    "-i, --read-dirfile filepath": "read list of input files from specified file; see the Files section for details.",
    "-p, --configuration-file filepath": "read parameters from given configuration file. See the Configuration file section for details.",
    "-h, --help": "print list of command-line parameters",
    "-q, --quiet": "quiet mode; suppress all messages",
    "--version": "print software version string",
    "--licence": "print software licence",
    "--verbose": "verbose mode; print debug messages"
}