{
    "-c, --cdplayer=CDPLAYER": "Run CDPLAYER, if an audio CD is inserted (default /usr/bin/kscd)",
    "-i, --interval=MILLISEC": "The time to wait in MILLISEC between checks (default 1000)",
    "-l, --lock": "Lock the mounted media (unmount by hand)",
    "-m, --mountonly": "mount/unmount only (do not execute anything)",
    "-n, --notify=STRING": "Command STRING that will executed if the CD changes (default /usr/bin/kfmclient configureDesktop)",
    "-t, --notify-insert=STRING": "Command STRING that will executed if a CD was inserted and the autorun executable /autorun or the one specified with --autorun was NOT executed. (default/usr/bin/kfmclient openURL %P%)",
    "-e, --notify-eject=STRING": "Command STRING that will executed if a CD was ejected (default )",
    "-q, --quiet": "Don't produce any output",
    "-v, --verbose": "Produce verbose output",
    "-?, --help": "Give this help list",
    "--usage": "Give a short usage message",
    "-V, --version": "Print program version"
}