{
    "--config=FILE": "Specify an alternative path to the configuration file for the build process. If ommitted, will default to looking for the file$HOME/auto-build.conf. The configuration data is loaded by the Config::Record module, so refer to that module's manual page for details of permittedsyntax. The file will also be pre-processed by the Template module allowing dynamic generation of complex configuration files",
    "--log4perl=FILE": "Specify an alternative file containing configuration settings for the Log::Log4perl logging system. If ommitted, log4perl settings will be loaded from themaster autobuild configuration file.",
    "--timestamp=DATE": "Specify the timestamp to use when checking code out of the source control repositories. For repository modules supporting timestamps it is guarenteed thatthe code checked out will be the latest version not newer than this timestamp. If ommitted, the timestamp will default to the current timestamp. The argumentcan be either an plain integer specifying number of seconds since the epoch, or any of the text representations handled by the Date::Manip module'today''1st thursday in June 1992''05/10/93''12:30 Dec 12th 1880''8:00pm december tenth'",
    "--verbose": "Increase the verbosity of warning messages and errors. This will ensure that if the builder unexpectedly crashes, a complete stack trace will be dumpedalong will full arguments.It will also cause the post-processed configuration file to be dumped.",
    "--help": "Display a summary of the command line help options"
}